Path;SteerAngle;Throttle;Brake;Speed;X_Position;Y_Position;Pitch;Yaw;Roll
robocam_2021_04_09_21_29_35_474.jpg;0;0;1;0;99.66999;85.58897;0.0002159502;56.82556;8.523928E-07
robocam_2021_04_09_21_29_35_528.jpg;0;0;0;0;99.66999;85.58897;0.0002069082;56.82556;5.53189E-07
robocam_2021_04_09_21_29_35_595.jpg;-2.032542;0;0;0;99.66999;85.58897;0.0002017656;56.58163;1.400325E-06
robocam_2021_04_09_21_29_35_662.jpg;0;0;0;0;99.66999;85.58897;0.0001977534;56.57237;7.133561E-07
robocam_2021_04_09_21_29_35_729.jpg;0;0;0;0;99.66999;85.58897;0.0001937005;56.57237;1.09223E-07
robocam_2021_04_09_21_29_35_794.jpg;0;0;0;0;99.66999;85.58897;0.0001916256;56.57237;-4.02408E-07
robocam_2021_04_09_21_29_35_862.jpg;0;0;0;0;99.66999;85.58897;0.0001908898;56.57237;-1.291916E-06
robocam_2021_04_09_21_29_35_929.jpg;0;0;0;0;99.66999;85.58897;0.000191166;56.57237;-2.211844E-06
robocam_2021_04_09_21_29_35_996.jpg;0;0;0;0;99.66999;85.58897;0.0001923008;56.57237;-2.651097E-06
robocam_2021_04_09_21_29_36_062.jpg;0;0;0;0;99.66999;85.58897;0.0001942278;56.57237;-3.131051E-06
robocam_2021_04_09_21_29_36_129.jpg;0;0;0;0;99.66999;85.58897;0.0001980458;56.57237;-3.600291E-06
robocam_2021_04_09_21_29_36_196.jpg;0;0;0;0;99.66999;85.58897;0.0002017105;56.57237;-3.558476E-06
robocam_2021_04_09_21_29_36_262.jpg;0;0;0;0;99.66999;85.58897;0.0002055896;56.57237;-3.117942E-06
robocam_2021_04_09_21_29_36_329.jpg;0;0;0;0;99.66999;85.58897;0.0002109869;56.57237;-3.280122E-06
robocam_2021_04_09_21_29_36_396.jpg;0;0;0;0;99.66999;85.58897;0.0002153569;56.57237;-3.360783E-06
robocam_2021_04_09_21_29_36_462.jpg;0;0;0;0;99.66999;85.58897;0.0002197778;56.57237;-2.868999E-06
robocam_2021_04_09_21_29_36_530.jpg;0;0;0;0;99.66999;85.58897;0.0002258547;56.57237;-2.325685E-06
robocam_2021_04_09_21_29_36_596.jpg;0;0.2021823;0;0;99.67043;85.58962;0.01738143;56.57235;-1.765494E-06
robocam_2021_04_09_21_29_36_663.jpg;0;0.4008333;0;0.02251087;99.6712;85.59081;0.04581409;56.48882;9.720016E-05
robocam_2021_04_09_21_29_36_730.jpg;0;0.6007527;0;0.03936106;99.67449;85.59577;0.1672516;56.48923;0.0001773756
robocam_2021_04_09_21_29_36_796.jpg;0;0.8013672;0;0.07613652;99.67877;85.60224;0.3175469;56.43135;0.000507196
robocam_2021_04_09_21_29_36_863.jpg;0;1;0;0.119848;99.68461;85.61105;0.5014578;56.53156;-0.0003503674
robocam_2021_04_09_21_29_36_930.jpg;0;1;0;0.1725924;99.69595;85.62814;0.8171498;56.53539;-0.0002060205
robocam_2021_04_09_21_29_36_997.jpg;0;1;0;0.2291189;99.70678;85.64446;1.081787;56.58711;-0.0009959977
robocam_2021_04_09_21_29_37_063.jpg;0;1;0;0.2949753;99.72318;85.66888;1.342128;56.53966;-0.00348582
robocam_2021_04_09_21_29_37_130.jpg;0;1;0;0.3383092;99.73432;85.68525;1.21616;56.56561;-0.000114218
robocam_2021_04_09_21_29_37_197.jpg;0;1;0;0.3979964;99.74734;85.70468;1.098875;56.5719;-0.001955474
robocam_2021_04_09_21_29_37_264.jpg;0;1;0;0.4868186;99.76261;85.72771;1.055753;56.58203;-0.000246222
robocam_2021_04_09_21_29_37_330.jpg;0;1;0;0.5313696;99.78626;85.76337;1.087607;56.71386;-0.001727949
robocam_2021_04_09_21_29_37_397.jpg;0;1;0;0.5849855;99.80643;85.7938;1.167386;56.62679;-8.280654E-05
robocam_2021_04_09_21_29_37_464.jpg;0;1;0;0.626755;99.8352;85.83722;1.2416;56.63551;-0.001604057
robocam_2021_04_09_21_29_37_531.jpg;0;1;0;0.6774061;99.85838;85.8722;1.240661;56.71529;-0.001959096
robocam_2021_04_09_21_29_37_597.jpg;0;1;0;0.7530308;99.88335;85.90994;1.229003;56.75837;-0.00106007
robocam_2021_04_09_21_29_37_664.jpg;0;1;0;0.8060651;99.91908;85.96404;1.198299;56.82315;-0.001829637
robocam_2021_04_09_21_29_37_731.jpg;0;1;0;0.8535186;99.94799;86.00795;1.208355;56.87685;-0.0009398136
robocam_2021_04_09_21_29_37_797.jpg;0;1;0;0.9225527;99.97861;86.05444;1.221494;56.92708;-0.001033221
robocam_2021_04_09_21_29_37_864.jpg;0;1;0;0.9771742;100.0219;86.12022;1.22708;56.92299;-0.0008732371
robocam_2021_04_09_21_29_37_932.jpg;0;1;0;1.019765;100.0559;86.17212;1.216356;56.91582;-0.0008153774
robocam_2021_04_09_21_29_37_998.jpg;0;1;0;1.081017;100.0916;86.22644;1.218239;56.88025;-0.0007043089
robocam_2021_04_09_21_29_38_064.jpg;0;1;0;1.129355;100.1417;86.3026;1.223389;56.81804;-0.000503441
robocam_2021_04_09_21_29_38_131.jpg;0;1;0;1.176779;100.1811;86.36239;1.22648;56.77868;-0.0007662506
robocam_2021_04_09_21_29_38_197.jpg;0;1;0;1.241155;100.2221;86.4245;1.227717;56.74588;-0.0006734884
robocam_2021_04_09_21_29_38_265.jpg;0;1;0;1.286323;100.2793;86.51108;1.2369;56.71141;-0.0007173903
robocam_2021_04_09_21_29_38_332.jpg;0;1;0;1.334013;100.324;86.57862;1.237307;56.69851;-0.0009496176
robocam_2021_04_09_21_29_38_398.jpg;0;1;0;1.397103;100.3704;86.64867;1.24349;56.6727;-0.0008523735
robocam_2021_04_09_21_29_38_465.jpg;0;1;0;1.44398;100.4347;86.7456;1.247804;56.65474;-0.0009317414
robocam_2021_04_09_21_29_38_532.jpg;0;1;0;1.491147;100.4848;86.82107;1.253091;56.64071;-0.000941804
robocam_2021_04_09_21_29_38_598.jpg;0;1;0;1.553442;100.5364;86.89883;1.257383;56.63054;-0.0009570706
robocam_2021_04_09_21_29_38_666.jpg;0;1;0;1.6008;100.6076;87.00605;1.259371;56.61767;-0.0009996901
robocam_2021_04_09_21_29_38_732.jpg;0;1;0;1.647172;100.6629;87.08921;1.263827;56.6056;-0.001014103
robocam_2021_04_09_21_29_38_798.jpg;0;1;0;1.70772;100.7197;87.17469;1.26933;56.5936;-0.001017788
robocam_2021_04_09_21_29_38_866.jpg;0;1;0;1.754364;100.7979;87.29217;1.275993;56.57994;-0.001058034
robocam_2021_04_09_21_29_38_933.jpg;0;1;0;1.800008;100.8583;87.38293;1.280862;56.56818;-0.001060545
robocam_2021_04_09_21_29_38_999.jpg;0;1;0;1.860814;100.9203;87.47594;1.283852;56.55669;-0.001085419
robocam_2021_04_09_21_29_39_066.jpg;0;1;0;1.906097;101.0053;87.60349;1.291453;56.54167;-0.001116352
robocam_2021_04_09_21_29_39_133.jpg;0;1;0;1.950426;101.0707;87.70171;1.293691;56.53233;-0.001122865
robocam_2021_04_09_21_29_39_199.jpg;0;1;0;2.011151;101.1378;87.80222;1.299231;56.51944;-0.001146646
robocam_2021_04_09_21_29_39_266.jpg;0;1;0;2.055972;101.2295;87.93967;1.304703;56.50473;-0.001177686
robocam_2021_04_09_21_29_39_333.jpg;0;1;0;2.099828;101.3;88.04531;1.306629;56.49388;-0.001178808
robocam_2021_04_09_21_29_39_399.jpg;0;1;0;2.159089;101.372;88.15313;1.308118;56.48318;-0.001181077
robocam_2021_04_09_21_29_39_466.jpg;0;1;0;2.203951;101.4705;88.3004;1.31583;56.46767;-0.001235016
robocam_2021_04_09_21_29_39_533.jpg;0;1;0;2.247351;101.5459;88.41331;1.316531;56.45667;-0.001234936
robocam_2021_04_09_21_29_39_600.jpg;0;1;0;2.306494;101.623;88.52849;1.322285;56.44524;-0.001264188
robocam_2021_04_09_21_29_39_667.jpg;0;1;0;2.350379;101.7279;88.6853;1.321882;56.43;-0.001258957
robocam_2021_04_09_21_29_39_733.jpg;0;1;0;2.393803;101.8084;88.80549;1.326668;56.41846;-0.001292319
robocam_2021_04_09_21_29_39_800.jpg;0;1;0;2.451504;101.8904;88.92786;1.333828;56.4073;-0.00131386
robocam_2021_04_09_21_29_39_866.jpg;0;1;0;2.494937;102.0019;89.09418;1.33193;56.39174;-0.001311591
robocam_2021_04_09_21_29_39_933.jpg;0;1;0;2.537896;102.0872;89.22145;1.333951;56.37986;-0.001319304
robocam_2021_04_09_21_29_40_000.jpg;0;1;0;2.594943;102.1741;89.35087;1.337953;56.36813;-0.001338602
robocam_2021_04_09_21_29_40_067.jpg;0;1;0;2.637577;102.2921;89.52673;1.344624;56.35258;-0.001360889
robocam_2021_04_09_21_29_40_134.jpg;0;1;0;2.68009;102.3823;89.66106;1.349234;56.34103;-0.001392891
robocam_2021_04_09_21_29_40_201.jpg;0;1;0;2.736582;102.474;89.79746;1.352602;56.32958;-0.001413549
robocam_2021_04_09_21_29_40_267.jpg;0;1;0;2.778793;102.5984;89.98254;1.354595;56.31421;-0.001417847
robocam_2021_04_09_21_29_40_334.jpg;0;1;0;2.820855;102.6934;90.12375;1.354455;56.30241;-0.001408266
robocam_2021_04_09_21_29_40_400.jpg;0;1;0;2.876686;102.7899;90.26708;1.357518;56.29135;-0.0009775517
robocam_2021_04_09_21_29_40_467.jpg;0;1;0;2.918109;102.9207;90.4614;1.365773;56.27187;-0.001453455
robocam_2021_04_09_21_29_40_534.jpg;0;1;0;2.959723;103.0205;90.60948;1.367646;56.25939;-0.001469202
robocam_2021_04_09_21_29_40_601.jpg;0;1;0;3.014989;103.1217;90.75954;1.36616;56.24704;-0.001471016
robocam_2021_04_09_21_29_40_668.jpg;0;1;0;3.055952;103.2588;90.9629;1.373079;56.22837;-0.001480415
robocam_2021_04_09_21_29_40_734.jpg;0;1;0;3.097104;103.3633;91.11776;1.37681;56.21603;-0.001061227
robocam_2021_04_09_21_29_40_801.jpg;0;1;0;3.151461;103.4693;91.27462;1.381341;56.20016;-0.001526057
robocam_2021_04_09_21_29_40_868.jpg;0;1;0;3.192315;103.6126;91.48682;1.382711;56.18329;-0.001076575
robocam_2021_04_09_21_29_40_934.jpg;0;1;0;3.232707;103.7218;91.64828;1.384301;56.16711;-0.001548984
robocam_2021_04_09_21_29_41_001.jpg;0;1;0;3.28647;103.8324;91.81181;1.3905;56.15166;-0.001550883
robocam_2021_04_09_21_29_41_068.jpg;0;1;0;3.326884;103.9821;92.03284;1.394282;56.13186;-0.001468472
robocam_2021_04_09_21_29_41_135.jpg;0;1;0;3.366852;104.0959;92.2009;1.397158;56.1173;-0.001138739
robocam_2021_04_09_21_29_41_201.jpg;0;1;0;3.420043;104.2111;92.37086;1.398135;56.10015;-0.001605039
robocam_2021_04_09_21_29_41_268.jpg;0;1;0;3.459702;104.367;92.60062;1.405117;56.07955;-0.001162469
robocam_2021_04_09_21_29_41_335.jpg;0;1;0;3.49924;104.4854;92.7751;1.406147;56.06169;-0.001639793
robocam_2021_04_09_21_29_41_401.jpg;0;1;0;3.551867;104.6053;92.95155;1.408801;56.04507;-0.001647187
robocam_2021_04_09_21_29_41_469.jpg;0;1;0;3.591104;104.7672;93.18982;1.414695;56.02306;-0.001199651
robocam_2021_04_09_21_29_41_535.jpg;0;1;0;3.630215;104.8903;93.37072;1.41772;56.00535;-0.001207605
robocam_2021_04_09_21_29_41_602.jpg;0;1;0;3.682673;105.0147;93.55354;1.423446;55.98582;-0.001583919
robocam_2021_04_09_21_29_41_669.jpg;0;1;0;3.721108;105.1828;93.80014;1.42373;55.9622;-0.001609166
robocam_2021_04_09_21_29_41_736.jpg;0;1;0;3.760191;105.3104;93.98738;1.430127;55.94389;-0.001243375
robocam_2021_04_09_21_29_41_802.jpg;-3.00303;1;0;3.810948;105.4401;94.17595;1.43241;55.77972;-0.0005801871
robocam_2021_04_09_21_29_41_869.jpg;-6.000219;1;0;3.849166;105.6179;94.42805;1.428786;55.01825;0.0009336516
robocam_2021_04_09_21_29_41_936.jpg;-9.003923;1;0;3.885571;105.756;94.61635;1.405364;53.98029;359.9904
robocam_2021_04_09_21_29_42_002.jpg;-9.000314;1;0;3.932597;105.8998;94.80241;1.351359;52.5778;359.9064
robocam_2021_04_09_21_29_42_069.jpg;-6.012971;1;0;3.970515;106.0965;95.04903;1.192822;50.92216;359.8022
robocam_2021_04_09_21_29_42_136.jpg;-2.990834;1;0;4.00918;106.2483;95.2337;1.061405;50.10493;359.7066
robocam_2021_04_09_21_29_42_202.jpg;0;1;0;4.059377;106.4025;95.4194;0.93557;49.68779;359.6287
robocam_2021_04_09_21_29_42_270.jpg;0;1;0;4.096798;106.6118;95.66953;0.8172563;49.54734;359.5461
robocam_2021_04_09_21_29_42_335.jpg;0;1;0;4.133314;106.7713;95.85923;0.7644121;49.54203;359.5127
robocam_2021_04_09_21_29_42_403.jpg;0;1;0;4.181678;106.9329;96.0509;0.7498075;49.55832;359.4991
robocam_2021_04_09_21_29_42_469.jpg;0;1;0;4.217864;107.151;96.30965;0.7760968;49.59369;359.5239
robocam_2021_04_09_21_29_42_535.jpg;0;1;0;4.253718;107.3166;96.50611;0.8311416;49.62435;359.5665
robocam_2021_04_09_21_29_42_603.jpg;0;1;0;4.301557;107.4838;96.70458;0.9096845;49.65409;359.629
robocam_2021_04_09_21_29_42_669.jpg;0;1;0;4.337164;107.7092;96.97231;1.050009;49.69779;359.7315
robocam_2021_04_09_21_29_42_736.jpg;0;1;0;4.372685;107.8799;97.17541;1.174863;49.73436;359.8208
robocam_2021_04_09_21_29_42_803.jpg;-2.989728;1;0;4.419913;108.0527;97.37969;1.304951;49.63765;359.9028
robocam_2021_04_09_21_29_42_869.jpg;-5.990737;1;0;4.455089;108.2876;97.65161;1.438483;48.98033;359.9902
robocam_2021_04_09_21_29_42_937.jpg;-8.98528;1;0;4.490291;108.4687;97.85336;1.486794;48.01624;0.0004349306
robocam_2021_04_09_21_29_43_003.jpg;-11.9936;1;0;4.536462;108.6544;98.05158;1.449745;46.62702;359.9639
robocam_2021_04_09_21_29_43_070.jpg;-14.98924;1;0;4.568395;108.9114;98.30686;1.236043;44.06735;359.7899
robocam_2021_04_09_21_29_43_137.jpg;-15;1;0;4.609435;109.1114;98.49039;0.9560092;41.85184;359.5603
robocam_2021_04_09_21_29_43_204.jpg;-15;1;0;4.636322;109.3879;98.72367;0.4401453;38.81255;359.14
robocam_2021_04_09_21_29_43_270.jpg;-15;1;0;4.664595;109.6024;98.88959;359.9569;36.56494;358.7583
robocam_2021_04_09_21_29_43_336.jpg;-15;1;0;4.688868;109.8243;99.05447;359.7277;34.65134;358.5588
robocam_2021_04_09_21_29_43_404.jpg;-15;1;0;4.690799;110.1317;99.26907;359.7707;32.26492;358.5245
robocam_2021_04_09_21_29_43_471.jpg;-13.47451;1;0;4.692768;110.3712;99.42391;0.01719559;30.48433;358.6377
robocam_2021_04_09_21_29_43_537.jpg;-10.48267;1;0;4.727793;110.6146;99.57061;0.07857506;28.42609;358.8845
robocam_2021_04_09_21_29_43_604.jpg;-7.487052;1;0;4.78603;110.9526;99.74946;0.08460537;25.97139;358.9443
robocam_2021_04_09_21_29_43_670.jpg;-4.498503;1;0;4.817647;111.2121;99.87557;0.0418053;24.7904;358.8841
robocam_2021_04_09_21_29_43_737.jpg;-1.482688;1;0;4.860831;111.4748;99.99932;359.9853;24.08041;358.8854
robocam_2021_04_09_21_29_43_805.jpg;0;1;0;4.89514;111.8318;100.1625;0.0215643;23.72948;358.9358
robocam_2021_04_09_21_29_43_871.jpg;0;1;0;4.927363;112.1028;100.2839;0.05845061;23.65849;358.9919
robocam_2021_04_09_21_29_43_937.jpg;0;1;0;4.972598;112.3765;100.4054;0.1218034;23.63436;359.0657
robocam_2021_04_09_21_29_44_005.jpg;0;1;0;5.005511;112.7453;100.568;0.270958;23.63239;359.1803
robocam_2021_04_09_21_29_44_071.jpg;0;1;0;5.011556;113.023;100.6902;0.4246783;23.64271;359.2854
robocam_2021_04_09_21_29_44_137.jpg;0;1;0;5.01159;113.3011;100.8127;0.6064758;23.66032;359.4059
robocam_2021_04_09_21_29_44_205.jpg;0;1;0;5.007332;113.6725;100.9765;0.8893127;23.68488;359.5874
robocam_2021_04_09_21_29_44_272.jpg;0;1;0;5.015696;113.9509;101.0997;1.099721;23.70535;359.748
robocam_2021_04_09_21_29_44_338.jpg;0;1;0;5.021563;114.229;101.2229;1.307295;23.7615;359.9094
robocam_2021_04_09_21_29_44_405.jpg;0;1;0;5.014767;114.6009;101.3856;1.567925;23.75556;-0.0009059263
robocam_2021_04_09_21_29_44_471.jpg;0;1;0;5.005486;114.875;101.5044;1.456517;23.72408;-0.004755988
robocam_2021_04_09_21_29_44_538.jpg;0;1;0;4.902588;115.1463;101.622;1.246111;23.69298;-0.0006131011
robocam_2021_04_09_21_29_44_605.jpg;0;1;0;5.008428;115.5114;101.7802;1.082686;23.6487;-0.000961414
robocam_2021_04_09_21_29_44_672.jpg;0;1;0;5.013278;115.7863;101.8994;1.012172;23.62321;-0.001115683
robocam_2021_04_09_21_29_44_738.jpg;0;1;0;5.020276;116.0615;102.0186;0.9762826;23.57565;-0.000505454
robocam_2021_04_09_21_29_44_805.jpg;0;1;0;5.01477;116.4299;102.1781;0.9872047;23.54483;-0.001215367
robocam_2021_04_09_21_29_44_872.jpg;0;1;0;5.001059;116.7062;102.2975;1.018779;23.50529;-0.0006733602
robocam_2021_04_09_21_29_44_939.jpg;0;1;0;5.014773;116.9833;102.4171;1.075477;23.48032;-0.001153224
robocam_2021_04_09_21_29_45_006.jpg;0;1;0;5.001587;117.353;102.5764;1.173833;23.43901;-0.0009075917
robocam_2021_04_09_21_29_45_072.jpg;0;1;0;5.013587;117.6307;102.6958;1.25807;23.41177;-0.001336211
robocam_2021_04_09_21_29_45_139.jpg;0;1;0;5.003029;117.9089;102.8152;1.353276;23.39015;-0.001710105
robocam_2021_04_09_21_29_45_205.jpg;0;1;0;5.015192;118.2793;102.9737;1.465206;23.33593;-0.001510072
robocam_2021_04_09_21_29_45_273.jpg;0;1;0;5.016946;118.5566;103.092;1.500798;23.2957;-0.004057617
robocam_2021_04_09_21_29_45_339.jpg;0;1;0;4.969737;118.8323;103.2095;1.459034;23.25259;-0.001534942
robocam_2021_04_09_21_29_45_406.jpg;0;1;0;5.010397;119.2013;103.3662;1.440268;23.20345;-0.001313732
robocam_2021_04_09_21_29_45_473.jpg;0;1;0;5.017169;119.4786;103.4837;1.448268;23.18678;-0.002041331
robocam_2021_04_09_21_29_45_539.jpg;-3.013114;1;0;5.015152;119.7559;103.6002;1.456886;22.98893;-0.001109784
robocam_2021_04_09_21_29_45_606.jpg;-6.011955;1;0;5.015817;120.1278;103.7526;1.491108;22.3241;-0.0006814355
robocam_2021_04_09_21_29_45_672.jpg;-9.023364;1;0;4.999187;120.4071;103.8629;1.486858;21.3518;0.002149725
robocam_2021_04_09_21_29_45_739.jpg;-12.02584;1;0;5.013244;120.6886;103.9673;1.452569;20.08596;359.9404
robocam_2021_04_09_21_29_45_806.jpg;-15;1;0;5.005159;121.0649;104.0944;1.238236;17.58806;359.7674
robocam_2021_04_09_21_29_45_873.jpg;-13.49798;1;0;5.007138;121.3481;104.1789;0.9630544;15.55713;359.5432
robocam_2021_04_09_21_29_45_939.jpg;-10.4894;1;0;5.012965;121.632;104.255;0.5997379;13.68475;359.2704
robocam_2021_04_09_21_29_46_006.jpg;-7.502693;1;0;5.010464;122.0121;104.3449;0.05104132;11.73096;358.8519
robocam_2021_04_09_21_29_46_074.jpg;-4.498168;1;0;5.009339;122.2998;104.4081;359.7398;10.83379;358.6668
robocam_2021_04_09_21_29_46_140.jpg;1.489262;1;0;5.0035;122.593;104.4729;359.7305;10.58477;358.7814
robocam_2021_04_09_21_29_46_207.jpg;4.494901;1;0;5.010293;122.9904;104.5585;0.03281327;10.86713;359.1479
robocam_2021_04_09_21_29_46_273.jpg;7.492531;1;0;5.01614;123.2897;104.6226;0.3328402;11.50758;359.4556
robocam_2021_04_09_21_29_46_340.jpg;10.48823;1;0;5.010754;123.5883;104.6905;0.6469243;12.56123;359.8259
robocam_2021_04_09_21_29_46_407.jpg;13.51117;1;0;5.010417;123.9829;104.7904;1.006162;14.59316;0.4040821
robocam_2021_04_09_21_29_46_474.jpg;15;1;0;5.007617;124.2735;104.8712;1.094974;16.55175;0.7873016
robocam_2021_04_09_21_29_46_540.jpg;15;1;0;5.00665;124.5581;104.9589;0.9900225;18.76727;1.140543
robocam_2021_04_09_21_29_46_608.jpg;15;1;0;5.005327;124.9282;105.087;0.5694396;21.62875;1.543612
robocam_2021_04_09_21_29_46_674.jpg;15;1;0;5.002282;125.1995;105.1901;0.05493127;23.39312;1.691664
robocam_2021_04_09_21_29_46_740.jpg;15;1;0;5.001243;125.469;105.3002;359.5858;24.93761;1.652288
robocam_2021_04_09_21_29_46_807.jpg;15;1;0;5.000583;125.8312;105.461;359.4192;26.91007;1.338425
robocam_2021_04_09_21_29_46_875.jpg;12.00529;1;0;5.000725;126.1044;105.5939;359.6025;28.44566;0.9806264
robocam_2021_04_09_21_29_46_941.jpg;8.997324;1;0;5.042276;126.3745;105.7432;0.0514387;30.19707;0.8724292
robocam_2021_04_09_21_29_47_008.jpg;5.981239;1;0;5.010823;126.7256;105.952;0.5140774;32.04358;0.8397596
robocam_2021_04_09_21_29_47_074.jpg;2.992964;1;0;5.009309;126.9838;106.1101;0.6508356;33.07338;0.7264178
robocam_2021_04_09_21_29_47_141.jpg;0;1;0;5.024756;127.2385;106.2708;0.6645892;33.79458;0.5825357
robocam_2021_04_09_21_29_47_208.jpg;0;1;0;5.011529;127.5742;106.4918;0.7230134;34.13665;0.528752
robocam_2021_04_09_21_29_47_275.jpg;-3.002553;1;0;5.015021;127.8261;106.6589;0.8055035;34.04266;0.4943276
robocam_2021_04_09_21_29_47_341.jpg;-6.003103;1;0;5.023262;128.0791;106.8243;0.9037234;33.54469;0.4023753
robocam_2021_04_09_21_29_47_408.jpg;-9.006668;1;0;5.015004;128.4216;107.0393;1.084944;32.31227;0.1271455
robocam_2021_04_09_21_29_47_475.jpg;-12.01365;1;0;4.994079;128.6811;107.1949;1.204165;30.9181;359.8763
robocam_2021_04_09_21_29_47_541.jpg;-15;1;0;5.009401;128.9422;107.3444;1.226374;29.21262;359.6228
robocam_2021_04_09_21_29_47_608.jpg;-15;1;0;5.007647;129.2911;107.5309;0.9621012;26.39799;359.3231
robocam_2021_04_09_21_29_47_675.jpg;-15;1;0;5.006677;129.5544;107.6588;0.5569432;24.12651;359.0657
robocam_2021_04_09_21_29_47_742.jpg;-15;1;0;5.005315;129.8195;107.7755;-0.002923268;21.86579;358.7596
robocam_2021_04_09_21_29_47_809.jpg;-15;1;0;5.000871;130.1834;107.9239;359.644;19.28756;358.5842
robocam_2021_04_09_21_29_47_876.jpg;-15;1;0;4.999494;130.4646;108.0285;359.686;17.57136;358.6476
robocam_2021_04_09_21_29_47_942.jpg;-15;1;0;5.000298;130.7519;108.1248;359.895;15.84721;358.7774
robocam_2021_04_09_21_29_48_009.jpg;-15;1;0;5.009413;131.1451;108.2322;0.3113032;12.50011;358.8525
robocam_2021_04_09_21_29_48_075.jpg;-15;1;0;5.005693;131.4381;108.2959;0.3394223;9.876297;358.7967
robocam_2021_04_09_21_29_48_143.jpg;-15;1;0;5.003956;131.7298;108.3479;0.167333;7.526398;358.7344
robocam_2021_04_09_21_29_48_210.jpg;-15;1;0;5.001758;132.1206;108.4021;359.8691;4.941681;358.771
robocam_2021_04_09_21_29_48_276.jpg;-13.50687;1;0;5.009168;132.4218;108.429;-0.002353427;3.185165;358.7704
robocam_2021_04_09_21_29_48_342.jpg;-10.50064;1;0;5.013679;132.7223;108.4456;0.07161728;1.396187;358.7458
robocam_2021_04_09_21_29_48_410.jpg;-7.489757;1;0;5.004184;133.121;108.4585;359.986;359.5472;358.9075
robocam_2021_04_09_21_29_48_476.jpg;-4.481412;1;0;5.009479;133.4217;108.4565;0.01093241;358.5491;358.9004
robocam_2021_04_09_21_29_48_543.jpg;-1.470241;1;0;5.011528;133.722;108.4505;0.003517708;357.9046;358.9119
robocam_2021_04_09_21_29_48_609.jpg;0;1;0;5.011626;134.1228;108.4386;0.0119389;357.5667;358.9706
robocam_2021_04_09_21_29_48_676.jpg;0;0.8008165;0;5.01056;134.424;108.4273;0.06047371;357.4915;359.0086
robocam_2021_04_09_21_29_48_743.jpg;0;0.6000696;0;5.006743;134.7254;108.4151;0.1276508;357.4683;359.0609
robocam_2021_04_09_21_29_48_810.jpg;0;0.3999447;0;5.002686;135.1266;108.3982;0.2152444;357.461;359.1512
robocam_2021_04_09_21_29_48_877.jpg;0;0.1996971;0;4.999239;135.4267;108.3856;0.244528;357.468;359.2455
robocam_2021_04_09_21_29_48_943.jpg;0;0;0;4.98886;135.7258;108.3728;0.2426267;357.4746;359.344
robocam_2021_04_09_21_29_49_010.jpg;0;0;0;4.973204;136.122;108.3557;0.1826273;357.4805;359.4759
robocam_2021_04_09_21_29_49_077.jpg;0;0;0.1004514;4.956862;136.4169;108.3428;0.09333415;357.4814;359.5695
robocam_2021_04_09_21_29_49_144.jpg;0;0;0.3008856;4.901561;136.8032;108.326;359.8391;357.4861;359.7035
robocam_2021_04_09_21_29_49_210.jpg;0;0;0.501249;4.825094;137.0845;108.3142;359.5069;357.5052;359.8373
robocam_2021_04_09_21_29_49_276.jpg;0;0;0.7017234;4.663416;137.3554;108.3031;359.0164;357.539;0.005923126
robocam_2021_04_09_21_29_49_344.jpg;0;0;0.9020571;4.520115;137.7036;108.2848;358.3661;357.4033;359.9919
robocam_2021_04_09_21_29_49_410.jpg;0;0;1;4.408501;137.9606;108.2718;358.1024;357.234;359.9849
robocam_2021_04_09_21_29_49_477.jpg;0;0;1;4.246942;138.2128;108.2595;357.9701;357.1331;0.0198202
robocam_2021_04_09_21_29_49_544.jpg;0;0;1;4.123088;138.5444;108.2417;358.1977;357.042;-0.002073027
robocam_2021_04_09_21_29_49_611.jpg;0;0;1;3.996886;138.789;108.2289;358.6177;357.0182;0.01161561
robocam_2021_04_09_21_29_49_677.jpg;0;0;1;3.814308;139.0227;108.2152;358.999;356.988;359.9232
robocam_2021_04_09_21_29_49_744.jpg;0;0;1;3.539331;139.2988;108.2016;358.8072;356.9056;359.9568
robocam_2021_04_09_21_29_49_811.jpg;0;0;1;3.32345;139.4893;108.1916;358.4927;356.8831;359.9926
robocam_2021_04_09_21_29_49_879.jpg;0;0;1;3.135173;139.6732;108.181;358.2804;356.8771;359.9906
robocam_2021_04_09_21_29_49_944.jpg;0;0;1;3.015821;139.9125;108.1675;358.2935;356.8572;-0.002492257
robocam_2021_04_09_21_29_50_011.jpg;0;0;1;2.896565;140.0878;108.1574;358.5413;356.8415;-0.004060743
robocam_2021_04_09_21_29_50_078.jpg;0;0;1;2.67362;140.2536;108.1481;358.7887;356.8362;0.00455067
robocam_2021_04_09_21_29_50_144.jpg;0;0;1;2.486043;140.4479;108.1371;358.7267;356.7647;0.002505217
robocam_2021_04_09_21_29_50_212.jpg;0;0;1;2.288373;140.5813;108.1292;358.6503;356.7577;359.9938
robocam_2021_04_09_21_29_50_278.jpg;0;0;1;2.132876;140.7108;108.1217;358.739;356.7454;-0.003622852
robocam_2021_04_09_21_29_50_345.jpg;0;0;1;1.967137;140.8633;108.1129;358.6928;356.7413;-0.0003120821
robocam_2021_04_09_21_29_50_412.jpg;0;0;1;1.76023;140.9654;108.1068;358.63;356.7373;359.9937
robocam_2021_04_09_21_29_50_478.jpg;0;0;1;1.583508;141.0616;108.1012;358.6655;356.7402;-0.0001092593
robocam_2021_04_09_21_29_50_546.jpg;0;0;1;1.435965;141.1716;108.0946;358.6099;356.7398;0.00135379
robocam_2021_04_09_21_29_50_612.jpg;0;0;1;1.249677;141.2442;108.0902;358.62;356.7765;-0.005100162
robocam_2021_04_09_21_29_50_678.jpg;0;0;1;1.038406;141.308;108.0866;358.6211;356.8254;0.003902129
robocam_2021_04_09_21_29_50_745.jpg;0;0;1;0.8913975;141.375;108.0827;358.5457;356.9432;0.004028227
robocam_2021_04_09_21_29_50_812.jpg;0;0;0;0.6912268;141.4168;108.0802;358.6197;356.9892;-0.005698618
robocam_2021_04_09_21_29_50_878.jpg;0;0;0;0.6458499;141.4608;108.0778;358.9043;357.0105;0.004906787
robocam_2021_04_09_21_29_50_946.jpg;-3.008353;0;0;0.6421246;141.5186;108.0736;359.2845;356.8604;359.9915
robocam_2021_04_09_21_29_51_012.jpg;-6.013741;0;0;0.6394031;141.5613;108.0695;359.5487;356.5804;359.9609
robocam_2021_04_09_21_29_51_078.jpg;-9.025187;0;0;0.6354713;141.6034;108.0644;359.7887;356.1692;359.913
robocam_2021_04_09_21_29_51_146.jpg;-12.02341;0;0;0.6319;141.658;108.0559;0.06139382;355.4073;359.8227
robocam_2021_04_09_21_29_51_213.jpg;-15;0;0;0.6279441;141.6978;108.0482;0.2252297;354.6929;359.7387
robocam_2021_04_09_21_29_51_279.jpg;-15;0;0;0.623016;141.7365;108.0402;0.3458468;353.96;359.6673
robocam_2021_04_09_21_29_51_346.jpg;-15;0;0;0.620702;141.7863;108.0292;0.4254348;353.0133;359.6055
robocam_2021_04_09_21_29_51_412.jpg;-15;0;0;0.6182373;141.8226;108.0205;0.4419211;352.3207;359.5716
robocam_2021_04_09_21_29_51_479.jpg;-15;0;0;0.6148646;141.8581;108.0116;0.4296023;351.6404;359.5456
robocam_2021_04_09_21_29_51_547.jpg;-15;0;0;0.6122739;141.9045;107.9992;0.379031;350.7493;359.5192
robocam_2021_04_09_21_29_51_613.jpg;-15;0;0;0.6096258;141.9387;107.9895;0.3227496;350.0904;359.5035
robocam_2021_04_09_21_29_51_680.jpg;-15;0;0;0.6060107;141.9724;107.9796;0.256203;349.4379;359.49
robocam_2021_04_09_21_29_51_747.jpg;-15;0;0;0.6032597;142.0167;107.9658;0.1584506;348.5756;359.4742
robocam_2021_04_09_21_29_51_814.jpg;-15;0;0;0.6004873;142.0496;107.9551;0.08165169;347.9336;359.4643
robocam_2021_04_09_21_29_51_880.jpg;-15;0;0;0.5967565;142.0821;107.9441;0.003845503;347.2951;359.4572
robocam_2021_04_09_21_29_51_947.jpg;-15;0;0;0.5939331;142.1253;107.9291;359.9099;346.4503;359.4596
robocam_2021_04_09_21_29_52_013.jpg;-15;0;0;0.5909466;142.1576;107.9174;359.8561;345.819;359.4753
robocam_2021_04_09_21_29_52_080.jpg;-15;0;0;0.586935;142.1896;107.9053;359.81;345.1843;359.4923
robocam_2021_04_09_21_29_52_147.jpg;-15;0;0;0.5839545;142.2322;107.8885;359.7643;344.3379;359.5226
robocam_2021_04_09_21_29_52_214.jpg;-15;0;0;0.5810718;142.2639;107.8756;359.7396;343.7027;359.5481
robocam_2021_04_09_21_29_52_280.jpg;-15;0;0;0.5772587;142.2953;107.8623;359.7211;343.0671;359.5735
robocam_2021_04_09_21_29_52_347.jpg;-15;0;0;0.5744388;142.337;107.844;359.7053;342.2207;359.6071
robocam_2021_04_09_21_29_52_414.jpg;-15;0;0;0.5716287;142.3679;107.8299;359.6992;341.5872;359.6313
robocam_2021_04_09_21_29_52_480.jpg;-15;0;0;0.5679167;142.3986;107.8155;359.6969;340.9543;359.6534
robocam_2021_04_09_21_29_52_548.jpg;-15;0;0;0.5651334;142.4392;107.7958;359.7003;340.1132;359.6809
robocam_2021_04_09_21_29_52_615.jpg;-15;0;0;0.5624087;142.4693;107.7807;359.7049;339.4841;359.6978
robocam_2021_04_09_21_29_52_681.jpg;-15;0;0;0.5587412;142.4991;107.7654;359.7129;338.8574;359.7137
robocam_2021_04_09_21_29_52_747.jpg;-15;0;0;0.5560359;142.5385;107.7445;359.7246;338.0244;359.7294
robocam_2021_04_09_21_29_52_815.jpg;-15;0;0;0.5533407;142.5676;107.7285;359.7353;337.4028;359.7393
robocam_2021_04_09_21_29_52_881.jpg;-11.99622;0;0;0.5503761;142.5968;107.7127;359.749;336.8523;359.7571
robocam_2021_04_09_21_29_52_947.jpg;-8.998714;0;0;0.5490402;142.6359;107.6921;359.7721;336.2941;359.8008
robocam_2021_04_09_21_29_53_015.jpg;-5.995923;0;0;0.5475607;142.6655;107.6773;359.7918;336.0079;359.8477
robocam_2021_04_09_21_29_53_081.jpg;-2.987296;0;0.2005752;0.5401286;142.6904;107.6651;359.6944;335.8558;359.9076
robocam_2021_04_09_21_29_53_147.jpg;0;0;0.4002468;0.2015962;142.6941;107.6634;358.9306;335.8449;0.04098587
robocam_2021_04_09_21_29_53_214.jpg;0;0;0.6011811;0.1584048;142.6942;107.6632;358.4805;335.8405;0.06270366
robocam_2021_04_09_21_29_53_282.jpg;0;0;0.8010837;0.0643397;142.6944;107.6631;358.278;335.8328;359.9782
robocam_2021_04_09_21_29_53_348.jpg;0;0;0;-0.0255378;142.6946;107.6632;358.4713;335.8611;359.9943
robocam_2021_04_09_21_29_53_415.jpg;0;0;0;-0.1043951;142.6945;107.6632;358.892;335.8634;0.01941065
robocam_2021_04_09_21_29_53_482.jpg;0;0;0;-0.1317304;142.6944;107.6633;359.3334;335.8634;0.02438708
robocam_2021_04_09_21_29_53_549.jpg;0;0;0;-0.1257499;142.6942;107.6634;359.8906;335.8631;0.02949945
robocam_2021_04_09_21_29_53_616.jpg;-3.019536;0;0;-0.1178586;142.694;107.6635;0.2764089;335.4099;0.03440975
robocam_2021_04_09_21_29_53_682.jpg;-6.027818;0;0;-0.1048738;142.6939;107.6635;0.6284263;334.5056;0.04850116
robocam_2021_04_09_21_29_53_749.jpg;-9.019999;0;0;-0.08518168;142.6937;107.6636;0.9923164;332.5191;0.04356124
robocam_2021_04_09_21_29_53_816.jpg;-12.03336;0;0;-0.0691292;142.6937;107.6636;1.192828;330.4436;0.03520952
robocam_2021_04_09_21_29_53_882.jpg;-15;0;0;-0.03944366;142.6936;107.6637;1.264462;327.9192;359.9811
robocam_2021_04_09_21_29_53_949.jpg;-15;0;0;0.03133781;142.6936;107.6638;1.165644;324.3198;359.9592
robocam_2021_04_09_21_29_54_016.jpg;-15;0;0;0.0376072;142.6936;107.6638;1.043468;321.6199;359.9587
robocam_2021_04_09_21_29_54_082.jpg;-15;0;0;0.04245517;142.6937;107.6638;0.9149396;318.9199;359.9466
robocam_2021_04_09_21_29_54_150.jpg;-15;0;0;0.04441598;142.6937;107.6638;0.7366903;315.32;359.9156
robocam_2021_04_09_21_29_54_216.jpg;-15;0;0;0.04540487;142.6938;107.6637;0.6023394;312.6201;359.8827
robocam_2021_04_09_21_29_54_282.jpg;-15;0;0;0.04532089;142.6938;107.6637;0.4707996;309.92;359.843
robocam_2021_04_09_21_29_54_350.jpg;-15;0;0;0.04429917;142.6939;107.6637;0.3042107;306.3199;359.7824
robocam_2021_04_09_21_29_54_416.jpg;-15;0;0;0.04255461;142.694;107.6637;0.1885478;303.6198;359.7338
robocam_2021_04_09_21_29_54_483.jpg;-15;0;0;0.03927581;142.694;107.6636;0.08259062;300.9194;359.6844
robocam_2021_04_09_21_29_54_551.jpg;-15;0;0;0.03626463;142.6941;107.6636;359.9583;297.3189;359.6208
robocam_2021_04_09_21_29_54_617.jpg;-15;0;0;0.03290418;142.6941;107.6636;359.8785;294.6184;359.577
robocam_2021_04_09_21_29_54_683.jpg;-15;0;0;0.02569353;142.6941;107.6635;359.8146;291.9181;359.5433
robocam_2021_04_09_21_29_54_751.jpg;-15;0;0;0.02099236;142.6942;107.6635;359.7571;288.3179;359.5216
robocam_2021_04_09_21_29_54_817.jpg;-15;0;0;0.01576224;142.6942;107.6635;359.7294;285.6178;359.5197
robocam_2021_04_09_21_29_54_884.jpg;-15;0;0;0.01369251;142.6942;107.6635;359.7065;282.0179;359.532
robocam_2021_04_09_21_29_54_951.jpg;-15;0;0;0.01333329;142.6941;107.6634;359.6972;279.318;359.5511
robocam_2021_04_09_21_29_55_018.jpg;-15;0;0;0.01409915;142.6941;107.6634;359.6929;276.6182;359.5773
robocam_2021_04_09_21_29_55_084.jpg;-15;0;0;0.01495661;142.6941;107.6634;359.6919;273.0184;359.6203
robocam_2021_04_09_21_29_55_151.jpg;-15;0;0;0.01577496;142.6941;107.6634;359.6938;270.3187;359.6576
robocam_2021_04_09_21_29_55_217.jpg;-15;0;0;0.0166873;142.6941;107.6634;359.6972;267.6189;359.6981
robocam_2021_04_09_21_29_55_285.jpg;-15;0;0;0.01715816;142.694;107.6634;359.7036;264.0192;359.7556
robocam_2021_04_09_21_29_55_351.jpg;-15;0;0;0.01741351;142.694;107.6634;359.7092;261.3195;359.8002
robocam_2021_04_09_21_29_55_418.jpg;-15;0;0;0.01740526;142.694;107.6634;359.7154;258.6198;359.8451
robocam_2021_04_09_21_29_55_485.jpg;-15;0;0;0.01714646;142.694;107.6634;359.7242;255.0201;359.904
robocam_2021_04_09_21_29_55_551.jpg;-15;0;0;-0.01669278;142.6939;107.6634;359.7312;252.3203;359.9465
robocam_2021_04_09_21_29_55_617.jpg;-15;0;0;-0.01582814;142.6939;107.6635;359.7385;249.6205;359.9869
robocam_2021_04_09_21_29_55_685.jpg;-15;0;0;-0.01502794;142.6939;107.6635;359.7488;246.0207;0.03651109
robocam_2021_04_09_21_29_55_752.jpg;-15;0;0;-0.01413675;142.6939;107.6635;359.7571;243.3208;0.07005462
robocam_2021_04_09_21_29_55_818.jpg;-15;0;0;-0.01287658;142.6939;107.6635;359.7661;240.6209;0.1001093
robocam_2021_04_09_21_29_55_885.jpg;-15;0;0;-0.01193191;142.6938;107.6635;359.7792;237.021;0.1344471
robocam_2021_04_09_21_29_55_952.jpg;-15;0;0;-0.01103381;142.6939;107.6635;359.7902;234.321;0.1557993
robocam_2021_04_09_21_29_56_019.jpg;-15;0;0;0;142.6938;107.6635;359.8021;231.621;0.1733977
robocam_2021_04_09_21_29_56_085.jpg;-15;0;0;0;142.6938;107.6635;359.8196;228.021;0.1911962
robocam_2021_04_09_21_29_56_152.jpg;-15;0;0;0;142.6938;107.6636;359.834;225.321;0.2005172
robocam_2021_04_09_21_29_56_219.jpg;-15;0;0;0;142.6938;107.6636;359.8494;222.6209;0.2066308
robocam_2021_04_09_21_29_56_286.jpg;-15;0;0;0;142.6939;107.6636;359.8716;219.0209;0.2102506
robocam_2021_04_09_21_29_56_353.jpg;-15;0;0;0;142.6939;107.6636;359.8891;216.3208;0.209943
robocam_2021_04_09_21_29_56_419.jpg;-15;0;0;0;142.6939;107.6636;359.9075;213.6207;0.2073796
robocam_2021_04_09_21_29_56_487.jpg;-12.00359;0;0;0;142.6939;107.6636;359.9345;210.5598;0.2015643
robocam_2021_04_09_21_29_56_553.jpg;-9.016939;0;0;0;142.6939;107.6636;359.9568;208.8476;0.1953851
robocam_2021_04_09_21_29_56_619.jpg;-6.008343;0;0;0;142.6939;107.6636;359.9801;207.5855;0.1872814
robocam_2021_04_09_21_29_56_685.jpg;-3.006361;0;0;0;142.6939;107.6636;0.01183136;206.6836;0.1730943
robocam_2021_04_09_21_29_56_753.jpg;-0.01418509;0;0;0;142.694;107.6636;0.03526739;206.5902;0.1596504
robocam_2021_04_09_21_29_56_819.jpg;0;0;0;0;142.694;107.6636;0.05658903;206.5902;0.1440802
robocam_2021_04_09_21_29_56_886.jpg;-1.505286;0;0;0;142.694;107.6636;0.08052471;206.4095;0.1211568
robocam_2021_04_09_21_29_56_953.jpg;-4.502273;0;0;0;142.694;107.6636;0.0943069;205.6897;0.1037753
robocam_2021_04_09_21_29_57_020.jpg;-7.503868;0;0;0;142.694;107.6636;0.1050697;204.5194;0.08688585
robocam_2021_04_09_21_29_57_087.jpg;-10.51679;0;0;0;142.694;107.6636;0.115327;202.1753;0.06606388
robocam_2021_04_09_21_29_57_153.jpg;-10.54063;0;0;0;142.694;107.6636;0.1208023;200.1883;0.05139907
robocam_2021_04_09_21_29_57_220.jpg;-7.538815;0;0;0;142.694;107.6636;0.1249241;198.6515;0.0364132
robocam_2021_04_09_21_29_57_287.jpg;-4.53629;0;0;0;142.694;107.6636;0.1277383;197.3822;0.01601994
robocam_2021_04_09_21_29_57_354.jpg;-1.534934;0.100242;0;0;142.6936;107.6635;0.1369062;197.2484;0.0001356303
robocam_2021_04_09_21_29_57_420.jpg;0;0.3006402;0;0;142.6928;107.6632;0.1523269;197.3812;359.9854
robocam_2021_04_09_21_29_57_486.jpg;0;0.4999764;0;0.03175648;142.6884;107.6618;0.2404321;197.4189;359.9684
robocam_2021_04_09_21_29_57_554.jpg;0;0.7005672;0;0.04031226;142.6837;107.6603;0.3258666;197.5474;359.957
robocam_2021_04_09_21_29_57_620.jpg;0;0.9009102;0;0.09905583;142.6764;107.6578;0.4502423;197.6797;359.9605
robocam_2021_04_09_21_29_57_687.jpg;0;1;0;0.1365433;142.66;107.6523;0.7171986;197.6692;359.9928
robocam_2021_04_09_21_29_57_754.jpg;0;1;0;0.2023094;142.6436;107.6472;0.9541932;197.5791;0.01114454
robocam_2021_04_09_21_29_57_821.jpg;0;1;0;0.2585459;142.6239;107.6413;1.202421;197.5668;-0.00045292
robocam_2021_04_09_21_29_57_887.jpg;0;1;0;0.3133511;142.5984;107.6331;1.277339;197.538;-0.001105324
robocam_2021_04_09_21_29_57_954.jpg;0;1;0;0.3784102;142.577;107.6263;1.182634;197.5411;-0.0009145862
robocam_2021_04_09_21_29_58_021.jpg;0;1;0;0.4505006;142.5526;107.6186;1.116746;197.6201;-0.0002452931
robocam_2021_04_09_21_29_58_088.jpg;0;1;0;0.4949811;142.5139;107.6064;1.131495;197.6238;3.351715E-05
robocam_2021_04_09_21_29_58_155.jpg;0;1;0;0.5403511;142.4807;107.596;1.193471;197.617;-0.0009509901
robocam_2021_04_09_21_29_58_221.jpg;0;1;0;0.6201101;142.4447;107.5847;1.244352;197.638;-0.001658846
robocam_2021_04_09_21_29_58_287.jpg;0;1;0;0.6478261;142.3953;107.5691;1.192484;197.5995;-0.0001661483
robocam_2021_04_09_21_29_58_355.jpg;0;1;0;0.6983405;142.354;107.5562;1.186724;197.6035;-0.0005860812
robocam_2021_04_09_21_29_58_421.jpg;0;1;0;0.7643353;142.3095;107.5423;1.206231;197.6305;-0.001475968
robocam_2021_04_09_21_29_58_488.jpg;0;1;0;0.8233628;142.2457;107.5222;1.225313;197.7431;-0.001851138
robocam_2021_04_09_21_29_58_555.jpg;0;1;0;0.882912;142.1942;107.506;1.234556;197.7063;-0.0007105046
robocam_2021_04_09_21_29_58_621.jpg;0;1;0;0.9504579;142.1402;107.4889;1.228459;197.6949;-0.0008412671
robocam_2021_04_09_21_29_58_688.jpg;0;1;0;0.9930145;142.0639;107.4649;1.210863;197.7182;-0.001081492
robocam_2021_04_09_21_29_58_755.jpg;0;1;0;1.040125;142.0034;107.4458;1.219603;197.6858;-0.0007924816
robocam_2021_04_09_21_29_58_822.jpg;0;1;0;1.107642;141.9399;107.4258;1.230574;197.6775;-0.0008525829
robocam_2021_04_09_21_29_58_888.jpg;0;1;0;1.151142;141.8515;107.398;1.224065;197.6376;-0.0004619969
robocam_2021_04_09_21_29_58_955.jpg;0;1;0;1.195432;141.782;107.3762;1.228671;197.5981;-0.0005856633
robocam_2021_04_09_21_29_59_022.jpg;0;1;0;1.258139;141.7098;107.3536;1.230003;197.5691;-0.0006282019
robocam_2021_04_09_21_29_59_090.jpg;0;1;0;1.308104;141.6092;107.3222;1.236423;197.5408;-0.0009019552
robocam_2021_04_09_21_29_59_156.jpg;0;1;0;1.353285;141.5307;107.2977;1.239089;197.5208;-0.000808179
robocam_2021_04_09_21_29_59_222.jpg;0;1;0;1.417302;141.4493;107.2723;1.244307;197.5048;-0.0009174894
robocam_2021_04_09_21_29_59_289.jpg;0;1;0;1.464507;141.3367;107.2373;1.250158;197.4839;-0.0008877623
robocam_2021_04_09_21_29_59_356.jpg;0;1;0;1.51146;141.2491;107.2101;1.253667;197.4728;-0.0009581101
robocam_2021_04_09_21_29_59_422.jpg;0;1;0;1.573542;141.1588;107.182;1.256504;197.4625;-0.0009718813
robocam_2021_04_09_21_29_59_488.jpg;0;1;0;1.620656;141.0343;107.1434;1.261565;197.4477;-0.0009871481
robocam_2021_04_09_21_29_59_556.jpg;0;1;0;1.667002;140.9377;107.1135;1.267081;197.4359;-0.001012236
robocam_2021_04_09_21_29_59_622.jpg;0;1;0;1.727494;140.8385;107.0828;1.272671;197.424;-0.001007274
robocam_2021_04_09_21_29_59_690.jpg;0;1;0;1.774087;140.7023;107.0406;1.27818;197.4104;-0.001051897
robocam_2021_04_09_21_29_59_756.jpg;0;1;0;1.819672;140.597;107.0081;1.281792;197.3987;-0.001048056
robocam_2021_04_09_21_29_59_823.jpg;0;1;0;1.87956;140.4891;106.9747;1.286116;197.3876;-0.001068393
robocam_2021_04_09_21_29_59_889.jpg;0;1;0;1.92481;140.3411;106.9291;1.292931;197.3725;-0.001100261
robocam_2021_04_09_21_29_59_957.jpg;0;1;0;1.969916;140.2272;106.8939;1.296079;197.3613;-0.001106294
robocam_2021_04_09_21_30_00_024.jpg;0;1;0;2.030537;140.0713;106.8459;1.300705;197.3462;-0.00112455
robocam_2021_04_09_21_30_00_090.jpg;0;1;0;2.074457;139.9513;106.8089;1.303252;197.3352;-0.00114558
robocam_2021_04_09_21_30_00_157.jpg;0;1;0;2.119592;139.8288;106.7713;1.306057;197.3245;-0.001163622
robocam_2021_04_09_21_30_00_223.jpg;0;1;0;2.178747;139.6615;106.7198;1.311885;197.3104;-0.001210648
robocam_2021_04_09_21_30_00_290.jpg;0;1;0;2.223037;139.533;106.6804;1.315419;197.2978;-0.001199815
robocam_2021_04_09_21_30_00_357.jpg;0;1;0;2.280961;139.4021;106.6402;1.31631;197.287;-0.001211024
robocam_2021_04_09_21_30_00_424.jpg;0;1;0;2.325415;139.2235;106.5854;1.321511;197.2711;-0.001253833
robocam_2021_04_09_21_30_00_490.jpg;0;1;0;2.368926;139.0867;106.5434;1.325482;197.2613;-0.001265257
robocam_2021_04_09_21_30_00_557.jpg;0;1;0;2.427036;138.9473;106.5008;1.326546;197.2482;-0.001263443
robocam_2021_04_09_21_30_00_624.jpg;0;1;0;2.470214;138.7576;106.4428;1.332581;197.2328;-0.001290668
robocam_2021_04_09_21_30_00_691.jpg;0;1;0;2.513266;138.6124;106.3984;1.338912;197.2216;-0.001324298
robocam_2021_04_09_21_30_00_774.jpg;0;1;0;2.570775;138.4151;106.3381;1.335039;197.2057;-0.001294512
robocam_2021_04_09_21_30_00_840.jpg;0;1;0;2.627665;138.2642;106.2921;1.339465;197.1947;-0.0008929711
robocam_2021_04_09_21_30_00_908.jpg;0;1;0;2.669902;138.0591;106.2296;1.349086;197.1772;-0.001358304
robocam_2021_04_09_21_30_00_974.jpg;0;1;0;2.712642;137.9025;106.1819;1.347864;197.1632;-0.001359957
robocam_2021_04_09_21_30_01_041.jpg;0;1;0;2.768953;137.7435;106.1335;1.34684;197.1507;-0.001361398
robocam_2021_04_09_21_30_01_108.jpg;0;1;0;2.81071;137.5275;106.0678;1.35849;197.1329;-0.00139802
robocam_2021_04_09_21_30_01_175.jpg;0;1;0;2.852674;137.3627;106.0178;1.363284;197.1205;-0.00143197
robocam_2021_04_09_21_30_01_242.jpg;0;1;0;2.90844;137.1956;105.9671;1.364553;197.1086;-0.001445956
robocam_2021_04_09_21_30_01_308.jpg;0;1;0;2.950087;136.9692;105.8985;1.361763;197.0927;-0.001432877
robocam_2021_04_09_21_30_01_375.jpg;0;1;0;2.992017;136.7964;105.8461;1.367647;197.0789;-0.001437951
robocam_2021_04_09_21_30_01_442.jpg;0;1;0;3.046366;136.6213;105.7932;1.369225;197.0652;-0.001444731
robocam_2021_04_09_21_30_01_508.jpg;0;1;0;3.087974;136.3841;105.7215;1.376415;197.0465;-0.001472544
robocam_2021_04_09_21_30_01_575.jpg;0;1;0;3.128277;136.2035;105.6669;1.377851;197.0327;-0.001500994
robocam_2021_04_09_21_30_01_642.jpg;0;1;0;3.183236;136.0205;105.6117;1.381911;197.019;-0.001411165
robocam_2021_04_09_21_30_01_709.jpg;0;1;0;3.223234;135.7729;105.5371;1.386026;197.0006;-0.001070465
robocam_2021_04_09_21_30_01_775.jpg;-1.496538;1;0;3.263531;135.5844;105.4808;1.3884;196.9128;-0.001189069
robocam_2021_04_09_21_30_01_842.jpg;-4.501462;1;0;3.316432;135.3931;105.4253;1.38934;196.5591;0.000435179
robocam_2021_04_09_21_30_01_909.jpg;-7.511755;1;0;3.355849;135.1336;105.355;1.375868;195.4763;0.001489197
robocam_2021_04_09_21_30_01_975.jpg;-10.5057;1;0;3.393584;134.9353;105.3073;1.344137;194.1752;359.9402
robocam_2021_04_09_21_30_02_042.jpg;-13.50846;1;0;3.440094;134.735;105.2653;1.239385;192.4433;359.8364
robocam_2021_04_09_21_30_02_109.jpg;-15;1;0;3.474689;134.4651;105.2212;0.957897;189.5209;359.6047
robocam_2021_04_09_21_30_02_176.jpg;-11.99087;1;0;3.510022;134.2605;105.1956;0.6783035;187.4209;359.3867
robocam_2021_04_09_21_30_02_242.jpg;-8.998669;1;0;3.560596;134.0533;105.1754;0.3830011;185.6774;359.1401
robocam_2021_04_09_21_30_02_309.jpg;-5.9941;1;0;3.598259;133.7735;105.1537;359.9742;183.9877;358.8564
robocam_2021_04_09_21_30_02_376.jpg;-2.984684;1;0;3.634434;133.5575;105.1382;359.8739;183.2885;358.8207
robocam_2021_04_09_21_30_02_443.jpg;0;1;0;3.681667;133.336;105.1231;359.961;182.9273;358.9333
robocam_2021_04_09_21_30_02_509.jpg;0;1;0;3.717558;133.0357;105.1059;0.1312942;182.7885;359.1067
robocam_2021_04_09_21_30_02_576.jpg;0;1;0;3.75489;132.8071;105.0942;0.2957972;182.7714;359.2335
robocam_2021_04_09_21_30_02_643.jpg;0;1;0;3.804423;132.5757;105.0825;0.495028;182.7751;359.3692
robocam_2021_04_09_21_30_02_710.jpg;0;1;0;3.841507;132.263;105.0666;0.795924;182.7991;359.5692
robocam_2021_04_09_21_30_02_777.jpg;0;1;0;3.878312;132.0258;105.0542;1.026794;182.827;359.7393
robocam_2021_04_09_21_30_02_843.jpg;0;1;0;3.927709;131.7863;105.0415;1.26031;182.8621;359.9144
robocam_2021_04_09_21_30_02_910.jpg;0;1;0;3.965356;131.4646;105.0268;1.496854;182.8425;-0.002943375
robocam_2021_04_09_21_30_02_977.jpg;0;1;0;4.022326;131.2238;105.0164;1.474765;182.8453;-0.001908016
robocam_2021_04_09_21_30_03_044.jpg;0;1;0;4.060951;130.8995;105.0022;1.416858;182.8163;-0.001031941
robocam_2021_04_09_21_30_03_110.jpg;0;1;0;4.097815;130.6533;104.9913;1.39984;182.7882;-0.001087765
robocam_2021_04_09_21_30_03_177.jpg;0;1;0;4.146785;130.4046;104.9803;1.40239;182.7597;-0.001144987
robocam_2021_04_09_21_30_03_244.jpg;0;1;0;4.183407;130.0691;104.9656;1.43033;182.722;-0.001202915
robocam_2021_04_09_21_30_03_310.jpg;0;1;0;4.219947;129.8146;104.9546;1.46534;182.6935;-0.001257059
robocam_2021_04_09_21_30_03_377.jpg;0;1;0;4.268521;129.5583;104.9436;1.481884;182.6649;-0.001843487
robocam_2021_04_09_21_30_03_444.jpg;0;1;0;4.30624;129.2135;104.9291;1.472383;182.6355;-0.001290318
robocam_2021_04_09_21_30_03_511.jpg;0;1;0;4.343076;128.9522;104.9182;1.48001;182.6091;-0.001274309
robocam_2021_04_09_21_30_03_578.jpg;0;1;0;4.391431;128.6887;104.9074;1.48364;182.5815;-0.001794807
robocam_2021_04_09_21_30_03_644.jpg;0;1;0;4.42731;128.334;104.893;1.487809;182.5491;-0.001323208
robocam_2021_04_09_21_30_03_711.jpg;0;1;0;4.463406;128.0654;104.8822;1.491001;182.5232;-0.001330576
robocam_2021_04_09_21_30_03_778.jpg;0;1;0;4.511904;127.7947;104.8715;1.494626;182.4967;-0.001343496
robocam_2021_04_09_21_30_03_844.jpg;0;1;0;4.547929;127.4304;104.8573;1.4945;182.4482;-0.001292359
robocam_2021_04_09_21_30_03_911.jpg;0;1;0;4.58339;127.1547;104.8467;1.497136;182.4139;-0.001792149
robocam_2021_04_09_21_30_03_978.jpg;1.521063;1;0;4.631069;126.8769;104.8361;1.494535;182.4021;-0.001459329
robocam_2021_04_09_21_30_04_045.jpg;4.509409;1;0;4.665656;126.5034;104.8197;1.488915;182.7675;-0.003844506
robocam_2021_04_09_21_30_04_111.jpg;7.510972;1;0;4.700731;126.2215;104.8035;1.457731;183.4554;0.01806577
robocam_2021_04_09_21_30_04_178.jpg;10.51249;1;0;4.745703;125.9386;104.7821;1.387893;184.538;0.09935236
robocam_2021_04_09_21_30_04_245.jpg;13.5042;1;0;4.778498;125.562;104.7431;1.15681;186.6678;0.2849785
robocam_2021_04_09_21_30_04_312.jpg;13.4975;1;0;4.808573;125.2805;104.704;0.8839681;188.6093;0.5046994
robocam_2021_04_09_21_30_04_378.jpg;10.504;1;0;4.850249;124.9997;104.6573;0.5430394;190.453;0.7707767
robocam_2021_04_09_21_30_04_445.jpg;7.495351;1;0;4.881132;124.6255;104.5844;0.02333678;192.404;1.159031
robocam_2021_04_09_21_30_04_512.jpg;4.502995;1;0;4.911171;124.3402;104.5247;359.849;193.2964;1.300683
robocam_2021_04_09_21_30_04_578.jpg;1.496266;1;0;4.937421;124.0501;104.4623;359.8907;193.7367;1.245434
robocam_2021_04_09_21_30_04_646.jpg;0;1;0;4.967521;123.6571;104.3742;0.1412919;193.9921;0.93445
robocam_2021_04_09_21_30_04_712.jpg;0;1;0;5.010302;123.3617;104.3025;0.3331372;194.0659;0.7786152
robocam_2021_04_09_21_30_04_778.jpg;0;1;0;5.006973;123.0662;104.2293;0.544993;194.0834;0.6379951
robocam_2021_04_09_21_30_04_846.jpg;0;1;0;5.01163;122.672;104.1315;0.8460582;194.0695;0.4389453
robocam_2021_04_09_21_30_04_912.jpg;0;1;0;5.016035;122.376;104.0582;1.081125;194.0551;0.2737741
robocam_2021_04_09_21_30_04_979.jpg;1.50575;1;0;5.021509;122.0804;103.985;1.309747;194.027;0.1103384
robocam_2021_04_09_21_30_05_046.jpg;4.504171;1;0;5.015272;121.6879;103.8843;1.541956;194.4068;359.9886
robocam_2021_04_09_21_30_05_113.jpg;7.502215;1;0;5.007624;121.3997;103.8064;1.452727;195.1054;-0.005044648
robocam_2021_04_09_21_30_05_179.jpg;10.5012;1;0;5.006282;121.1117;103.7237;1.406247;196.1267;0.0688554
robocam_2021_04_09_21_30_05_246.jpg;13.50487;1;0;5.009534;120.7324;103.6053;1.207204;198.168;0.2341773
robocam_2021_04_09_21_30_05_313.jpg;10.49021;1;0;5.034641;120.4529;103.5082;0.9720736;199.7386;0.4514247
robocam_2021_04_09_21_30_05_379.jpg;7.471107;1;0;5.019419;120.1755;103.4068;0.6733474;201.1798;0.6483631
robocam_2021_04_09_21_30_05_446.jpg;4.496274;1;0;5.011331;119.8092;103.2637;0.2584992;202.5675;0.9473664
robocam_2021_04_09_21_30_05_513.jpg;1.477431;1;0;5.011766;119.5359;103.1521;359.9572;203.157;1.155214
robocam_2021_04_09_21_30_05_579.jpg;0;1;0;5.005332;119.2592;103.0394;359.864;203.3044;1.16784
robocam_2021_04_09_21_30_05_647.jpg;0;1;0;5.02207;118.8862;102.8855;0.004816297;203.3152;1.000874
robocam_2021_04_09_21_30_05_713.jpg;0;1;0;5.011573;118.607;102.7668;0.1587007;203.3216;0.9001207
robocam_2021_04_09_21_30_05_780.jpg;0;1;0;5.01162;118.3278;102.6475;0.3248257;203.3133;0.7818062
robocam_2021_04_09_21_30_05_847.jpg;0;1;0;5.011577;117.955;102.4879;0.5892346;203.2932;0.6082425
robocam_2021_04_09_21_30_05_913.jpg;0;1;0;5.011207;117.6749;102.3681;0.8122137;203.2748;0.4599634
robocam_2021_04_09_21_30_05_980.jpg;0;1;0;5.007689;117.3946;102.2484;1.041995;203.2581;0.2965161
robocam_2021_04_09_21_30_06_047.jpg;0;1;0;5.021998;117.021;102.0893;1.339043;203.1879;0.07224168
robocam_2021_04_09_21_30_06_114.jpg;0;1;0;5.015441;116.7411;101.9688;1.55453;203.1874;359.9924
robocam_2021_04_09_21_30_06_180.jpg;0;1;0;5.014443;116.4668;101.8497;1.463063;203.1655;359.9942
robocam_2021_04_09_21_30_06_247.jpg;0;1;0;4.907077;116.1033;101.6942;1.226202;203.1155;-0.002305076
robocam_2021_04_09_21_30_06_313.jpg;0;1;0;5.009671;115.8282;101.5773;1.120994;203.0941;-0.00185251
robocam_2021_04_09_21_30_06_380.jpg;0;1;0;5.009052;115.5521;101.4604;1.058097;203.0762;-0.001507755
robocam_2021_04_09_21_30_06_447.jpg;0;1;0;5.021013;115.1834;101.3046;1.023013;203.0359;-0.001217995
robocam_2021_04_09_21_30_06_514.jpg;0;1;0;5.014669;114.9059;101.1875;1.039876;203.0146;-0.001227181
robocam_2021_04_09_21_30_06_580.jpg;0;1;0;5.026512;114.6285;101.0706;1.071321;202.9802;-0.0008266507
robocam_2021_04_09_21_30_06_647.jpg;0;1;0;5.014686;114.2573;100.9146;1.15125;202.9492;-0.001368395
robocam_2021_04_09_21_30_06_714.jpg;0;1;0;5.002194;113.9791;100.7978;1.21926;202.9136;-0.0009716543
robocam_2021_04_09_21_30_06_781.jpg;0;1;0;5.014574;113.7003;100.681;1.298853;202.8853;-0.001344666
robocam_2021_04_09_21_30_06_848.jpg;0;1;0;5.003545;113.3285;100.5257;1.409855;202.8404;-0.001157427
robocam_2021_04_09_21_30_06_915.jpg;0;1;0;5.015652;113.0494;100.4093;1.4932;202.8077;-0.001505234
robocam_2021_04_09_21_30_06_981.jpg;0;1;0;5.006025;112.7712;100.2937;1.493816;202.7709;-0.001989382
robocam_2021_04_09_21_30_07_048.jpg;0;1;0;5.010843;112.402;100.1405;1.444569;202.7266;-0.001389798
robocam_2021_04_09_21_30_07_115.jpg;0;1;0;5.014458;112.124;100.0255;1.438052;202.6948;-0.001534768
robocam_2021_04_09_21_30_07_182.jpg;0;1;0;5.023146;111.8461;99.91064;1.438731;202.6459;-0.0008870305
robocam_2021_04_09_21_30_07_248.jpg;0;1;0;5.014084;111.4746;99.75749;1.466558;202.6016;-0.00155742
robocam_2021_04_09_21_30_07_315.jpg;0;1;0;5.006334;111.1961;99.64291;1.49222;202.5571;-0.001116207
robocam_2021_04_09_21_30_07_382.jpg;0;1;0;4.987786;110.9173;99.52849;1.524941;202.5052;-0.001438744
robocam_2021_04_09_21_30_07_449.jpg;2.989571;1;0;5.033452;110.5487;99.37621;1.408809;202.6597;-0.002185574
robocam_2021_04_09_21_30_07_515.jpg;5.988892;1;0;5.013567;110.2725;99.25907;1.358873;203.1276;0.02721245
robocam_2021_04_09_21_30_07_582.jpg;9.004508;1;0;5.017891;109.9982;99.13788;1.31528;203.9486;0.1325587
robocam_2021_04_09_21_30_07_649.jpg;11.98982;1;0;4.999061;109.6372;98.97021;1.144513;205.7532;0.2912816
robocam_2021_04_09_21_30_07_716.jpg;15;1;0;5.02032;109.3732;98.83603;0.9028915;207.5957;0.4975866
robocam_2021_04_09_21_30_07_781.jpg;15;1;0;5.007699;109.1149;98.6948;0.5669707;209.5986;0.7597902
robocam_2021_04_09_21_30_07_849.jpg;13.48424;1;0;5.006828;108.7798;98.49512;0.006595402;212.3643;1.193793
robocam_2021_04_09_21_30_07_916.jpg;10.48528;1;0;5.008143;108.5288;98.33823;359.8041;213.9784;1.360774
robocam_2021_04_09_21_30_07_982.jpg;7.490887;1;0;5.002376;108.2768;98.17616;359.8026;215.1864;1.320832
robocam_2021_04_09_21_30_08_049.jpg;4.483055;1;0;5.003201;107.9418;97.94727;0.08093774;216.4731;1.122185
robocam_2021_04_09_21_30_08_116.jpg;1.483292;1;0;5.013777;107.6969;97.77026;0.1740729;217.1396;1.00422
robocam_2021_04_09_21_30_08_182.jpg;0;1;0;5.01248;107.4545;97.59065;0.2326206;217.4689;0.8914554
robocam_2021_04_09_21_30_08_249.jpg;3.000443;1;0;5.012072;107.1345;97.3459;0.3492545;217.8328;0.8198858
robocam_2021_04_09_21_30_08_316.jpg;5.997105;1;0;5.017139;106.8969;97.15841;0.4626301;218.3895;0.8195491
robocam_2021_04_09_21_30_08_383.jpg;9.008154;1;0;5.017232;106.5855;96.90541;0.5000455;219.6431;0.7844575
robocam_2021_04_09_21_30_08_450.jpg;12.00671;1;0;5.008325;106.3593;96.71067;0.4352488;221.053;0.8367001
robocam_2021_04_09_21_30_08_516.jpg;15;1;0;5.015399;106.1388;96.50931;0.3364298;222.8795;0.9689122
robocam_2021_04_09_21_30_08_583.jpg;15;1;0;5.007195;105.9258;96.30416;0.102663;224.978;1.105495
robocam_2021_04_09_21_30_08_650.jpg;15;1;0;5.009212;105.6499;96.01924;359.9295;227.5783;1.292138
robocam_2021_04_09_21_30_08_716.jpg;15;1;0;5.002251;105.4462;95.79678;0.05555077;229.2914;1.324515
robocam_2021_04_09_21_30_08_783.jpg;15;1;0;5.004314;105.2504;95.57117;-0.003553726;231.2849;1.224178
robocam_2021_04_09_21_30_08_850.jpg;15;1;0;5.02419;105.0029;95.25659;0.01607955;233.9942;1.167005
robocam_2021_04_09_21_30_08_917.jpg;15;1;0;5.008583;104.8282;95.01348;-0.0009913646;235.9736;1.183238
robocam_2021_04_09_21_30_08_983.jpg;15;1;0;5.008044;104.6075;94.67981;0.0139231;238.6544;1.167823
robocam_2021_04_09_21_30_09_050.jpg;15;1;0;5.006955;104.453;94.42296;0.01047143;240.6702;1.189791
robocam_2021_04_09_21_30_09_117.jpg;13.4882;1;0;5.00985;104.3065;94.16148;0.01102331;242.6725;1.165733
robocam_2021_04_09_21_30_09_183.jpg;10.5008;1;0;5.010698;104.125;93.80523;0.004641087;245.0011;1.15767
robocam_2021_04_09_21_30_09_251.jpg;7.496358;1;0;5.010464;103.9972;93.53366;0.001766804;246.3851;1.138529
robocam_2021_04_09_21_30_09_316.jpg;4.498179;1;0;5.010276;103.8757;93.25896;0.007039417;247.422;1.121081
robocam_2021_04_09_21_30_09_384.jpg;1.498744;1;0;5.012462;103.7202;92.88957;0.0146378;248.2345;1.070514
robocam_2021_04_09_21_30_09_451.jpg;0;1;0;5.011592;103.6064;92.61081;0.03936161;248.475;1.017268
robocam_2021_04_09_21_30_09_517.jpg;0;1;0;5.01206;103.4942;92.33082;0.09411259;248.5664;0.9621969
robocam_2021_04_09_21_30_09_584.jpg;0;1;0;5.011101;103.3456;91.95568;0.2414787;248.604;0.8800586
robocam_2021_04_09_21_30_09_651.jpg;0;1;0;5.017263;103.2341;91.67345;0.392364;248.6118;0.7908378
robocam_2021_04_09_21_30_09_717.jpg;0;1;0;5.017015;103.1227;91.39145;0.5427681;248.601;0.6645686
robocam_2021_04_09_21_30_09_784.jpg;0;1;0;5.00691;102.9739;91.0148;0.7712939;248.5877;0.471662
robocam_2021_04_09_21_30_09_851.jpg;1.496943;1;0;5.014236;102.8626;90.73175;0.9642718;248.6224;0.3299652
robocam_2021_04_09_21_30_09_917.jpg;4.505436;1;0;5.013978;102.7529;90.4482;1.158322;248.8762;0.2164864
robocam_2021_04_09_21_30_09_984.jpg;7.494611;1;0;5.002952;102.6114;90.06878;1.386731;249.7877;0.1294714
robocam_2021_04_09_21_30_10_051.jpg;10.50288;1;0;5.024815;102.5102;89.78568;1.383834;250.9688;0.0172019
robocam_2021_04_09_21_30_10_118.jpg;13.51262;1;0;5.006589;102.4185;89.49942;1.368367;252.4909;0.09395447
robocam_2021_04_09_21_30_10_185.jpg;15;1;0;5.017162;102.3094;89.11728;1.191771;255.1002;0.3329283
robocam_2021_04_09_21_30_10_251.jpg;15;1;0;5.008016;102.2376;88.83129;0.8705999;257.3283;0.5223701
robocam_2021_04_09_21_30_10_318.jpg;15;1;0;5.009494;102.1775;88.54433;0.4791468;259.5799;0.8339323
robocam_2021_04_09_21_30_10_385.jpg;15;1;0;5.005966;102.1133;88.16036;359.8916;262.4503;1.31426
robocam_2021_04_09_21_30_10_452.jpg;12.00965;1;0;5.001767;102.0714;87.86726;359.7102;264.1552;1.512672
robocam_2021_04_09_21_30_10_518.jpg;8.996964;1;0;5.001376;102.0334;87.5688;359.7883;265.4822;1.458674
robocam_2021_04_09_21_30_10_585.jpg;5.991378;1;0;5.00286;101.9925;87.16484;0.09150466;266.9565;1.16355
robocam_2021_04_09_21_30_10_652.jpg;2.992502;1;0;5.010319;101.9717;86.86265;0.2336515;268.1163;0.9356313
robocam_2021_04_09_21_30_10_718.jpg;0;1;0;5.011622;101.9588;86.56066;0.3304505;268.7709;0.814697
robocam_2021_04_09_21_30_10_785.jpg;0;1;0;5.011682;101.9473;86.15775;0.4556537;269.0726;0.7124011
robocam_2021_04_09_21_30_10_852.jpg;0;1;0;5.018157;101.941;85.85468;0.5893092;269.146;0.6604813
robocam_2021_04_09_21_30_10_918.jpg;0;1;0;5.016108;101.935;85.55197;0.7112938;269.1549;0.5734708
robocam_2021_04_09_21_30_10_985.jpg;0;1;0;5.001839;101.9275;85.14806;0.8955637;269.1114;0.4411006
robocam_2021_04_09_21_30_11_052.jpg;0;1;0;5.012654;101.9217;84.84492;1.038129;269.0682;0.3148433
robocam_2021_04_09_21_30_11_118.jpg;0;1;0;4.986971;101.9157;84.54169;1.190987;269.0031;0.1831785
robocam_2021_04_09_21_30_11_186.jpg;0;1;0;5.006114;101.9071;84.13693;1.413166;268.9388;0.001338367
robocam_2021_04_09_21_30_11_252.jpg;0;1;0;5.028975;101.9025;83.83395;1.545856;268.9297;359.9933
robocam_2021_04_09_21_30_11_319.jpg;0;1;0;5.009209;101.8975;83.53416;1.437909;268.8871;-0.002819502
robocam_2021_04_09_21_30_11_385.jpg;0;1;0;4.993521;101.8893;83.13851;1.25291;268.8386;-0.002213491
robocam_2021_04_09_21_30_11_452.jpg;0;1;0;5.011647;101.8825;82.83891;1.186121;268.8143;-0.001590894
robocam_2021_04_09_21_30_11_519.jpg;0;1;0;5.011152;101.8754;82.53873;1.152941;268.7971;-0.001464331
robocam_2021_04_09_21_30_11_587.jpg;0;1;0;5.013827;101.8655;82.1377;1.153065;268.7979;-0.002495041
robocam_2021_04_09_21_30_11_653.jpg;0;1;0;5.003572;101.8581;81.83712;1.167609;268.5064;0.005528559
robocam_2021_04_09_21_30_11_719.jpg;0;1;0;5.016307;101.8498;81.53569;1.208433;268.4651;-0.001547697
robocam_2021_04_09_21_30_11_786.jpg;0;1;0;4.995117;101.8383;81.13341;1.283348;268.4098;-0.002075109
robocam_2021_04_09_21_30_11_853.jpg;0;1;0;5.007648;101.8292;80.83167;1.348842;268.379;-0.001649955
robocam_2021_04_09_21_30_11_920.jpg;0;1;0;4.994127;101.8198;80.52977;1.417953;268.3403;-0.001807287
robocam_2021_04_09_21_30_11_986.jpg;0;1;0;5.00849;101.8068;80.12716;1.514163;268.2977;-0.001423504
robocam_2021_04_09_21_30_12_054.jpg;0;1;0;5.021389;101.7967;79.8269;1.474651;268.2925;-0.002266175
robocam_2021_04_09_21_30_12_120.jpg;1.505939;1;0;5.000181;101.7865;79.52767;1.375218;268.097;0.003596658
robocam_2021_04_09_21_30_12_187.jpg;4.506007;1;0;5.010311;101.7759;79.12917;1.271704;268.8379;0.02301471
robocam_2021_04_09_21_30_12_254.jpg;7.505014;1;0;5.02109;101.7726;78.82938;1.220412;269.5475;0.1203762
robocam_2021_04_09_21_30_12_320.jpg;10.51516;1;0;5.00687;101.7749;78.52926;1.182197;270.5833;0.3093919
robocam_2021_04_09_21_30_12_387.jpg;13.51578;1;0;5.020061;101.7856;78.13377;0.918018;272.7115;0.4991314
robocam_2021_04_09_21_30_12_454.jpg;15;1;0;5.013041;101.8047;77.8395;0.6038089;274.7244;0.7159432
robocam_2021_04_09_21_30_12_521.jpg;15;1;0;5.00705;101.8338;77.54768;0.225637;276.8101;1.023971
robocam_2021_04_09_21_30_12_587.jpg;11.99944;1;0;5.009324;101.8846;77.15942;359.7658;279.269;1.393914
robocam_2021_04_09_21_30_12_654.jpg;8.986965;1;0;5.00258;101.9269;76.8632;359.7441;280.5629;1.362634
robocam_2021_04_09_21_30_12_720.jpg;5.994055;1;0;5.011055;101.975;76.56425;359.9034;281.587;1.17532
robocam_2021_04_09_21_30_12_787.jpg;2.982521;1;0;5.011001;102.0538;76.16565;0.2061967;282.8592;0.9837943
robocam_2021_04_09_21_30_12_854.jpg;0;1;0;5.01184;102.118;75.86986;0.3240137;283.3682;0.8574325
robocam_2021_04_09_21_30_12_921.jpg;0;1;0;5.011813;102.1853;75.57504;0.4213669;283.5803;0.7463228
robocam_2021_04_09_21_30_12_988.jpg;0;1;0;5.00572;102.2783;75.18194;0.5947594;283.6701;0.6337816
robocam_2021_04_09_21_30_13_054.jpg;0;1;0;5.016325;102.3489;74.88691;0.7397881;283.686;0.5348088
robocam_2021_04_09_21_30_13_121.jpg;0;1;0;5.02302;102.4198;74.59209;0.8961846;283.6503;0.4298179
robocam_2021_04_09_21_30_13_188.jpg;0;1;0;5.018074;102.5139;74.198;1.118032;283.6243;0.2535769
robocam_2021_04_09_21_30_13_254.jpg;0;1;0;4.987813;102.5841;73.90298;1.280696;283.5356;0.1157488
robocam_2021_04_09_21_30_13_321.jpg;0;1;0;5.020212;102.6544;73.6076;1.452529;283.4929;-0.002658011
robocam_2021_04_09_21_30_13_388.jpg;0;1;0;4.99111;102.7495;73.21654;1.527898;283.4425;359.994
robocam_2021_04_09_21_30_13_455.jpg;0;1;0;5.009659;102.8185;72.92839;1.312294;283.3575;-0.001098014
robocam_2021_04_09_21_30_13_521.jpg;0;1;0;5.006937;102.8869;72.63818;1.18312;283.3246;-0.002209023
robocam_2021_04_09_21_30_13_588.jpg;0;1;0;5.012366;102.978;72.24951;1.073862;283.296;-0.001503386
robocam_2021_04_09_21_30_13_655.jpg;1.500723;1;0;5.009476;103.0465;71.95737;1.035802;283.3164;-0.000931726
robocam_2021_04_09_21_30_13_722.jpg;4.498807;1;0;4.999797;103.1166;71.66453;1.03799;283.6414;0.00441783
robocam_2021_04_09_21_30_13_788.jpg;7.504731;1;0;5.009531;103.215;71.2765;1.041126;284.342;0.1027889
robocam_2021_04_09_21_30_13_855.jpg;10.51172;1;0;5.02006;103.2947;70.98626;1.056913;285.4205;0.2633475
robocam_2021_04_09_21_30_13_922.jpg;10.48653;1;0;5.006961;103.3796;70.69853;1.025252;286.8549;0.4594069
robocam_2021_04_09_21_30_13_988.jpg;7.4952;1;0;5.009109;103.4968;70.32057;0.7367892;288.7388;0.5828522
robocam_2021_04_09_21_30_14_055.jpg;4.492242;1;0;5.012178;103.5922;70.03995;0.5025296;289.7907;0.7514163
robocam_2021_04_09_21_30_14_122.jpg;1.482183;1;0;5.011033;103.6913;69.76051;0.2743443;290.4405;0.9266283
robocam_2021_04_09_21_30_14_189.jpg;0;1;0;5.011571;103.8264;69.38837;-0.004811135;290.7655;1.09231
robocam_2021_04_09_21_30_14_256.jpg;0;1;0;5.011014;103.9294;69.10688;359.9424;290.7919;1.101761
robocam_2021_04_09_21_30_14_323.jpg;0;1;0;5.013356;104.0341;68.82368;0.01523422;290.778;1.052858
robocam_2021_04_09_21_30_14_390.jpg;0;1;0;5.011517;104.1753;68.44576;0.1487096;290.7645;0.9367889
robocam_2021_04_09_21_30_14_456.jpg;0;1;0;5.004352;104.282;68.16206;0.2942938;290.7568;0.8349574
robocam_2021_04_09_21_30_14_522.jpg;-3.006387;1;0;5.018741;104.3879;67.87765;0.4528309;290.6275;0.6814195
robocam_2021_04_09_21_30_14_589.jpg;-6.001524;1;0;5.007369;104.5256;67.49602;0.7204815;289.9365;0.3888863
robocam_2021_04_09_21_30_14_657.jpg;-9.005454;1;0;5.010686;104.6238;67.20778;0.9375681;288.9941;0.07268335
robocam_2021_04_09_21_30_14_723.jpg;-12.01389;1;0;5.010538;104.7169;66.91862;1.118428;287.7212;359.7346
robocam_2021_04_09_21_30_14_790.jpg;-15;1;0;5.008384;104.8311;66.53439;1.145951;285.3818;359.3269
robocam_2021_04_09_21_30_14_857.jpg;-13.49766;1;0;5.007275;104.907;66.24789;0.9443465;283.2876;359.0583
robocam_2021_04_09_21_30_14_923.jpg;-10.49421;1;0;5.006986;104.9947;65.86763;0.4105186;280.6909;358.7221
robocam_2021_04_09_21_30_14_990.jpg;-7.487767;1;0;5.004099;105.0539;65.58425;359.8284;279.3602;358.635
robocam_2021_04_09_21_30_15_057.jpg;-4.495083;1;0;5.038641;105.1097;65.29299;359.5901;278.4256;358.766
robocam_2021_04_09_21_30_15_123.jpg;-1.488237;1;0;5.008801;105.1769;64.89709;359.6546;278.0281;359.0596
robocam_2021_04_09_21_30_15_191.jpg;0;1;0;5.006821;105.223;64.59415;359.9584;277.8759;359.2849
robocam_2021_04_09_21_30_15_256.jpg;0;1;0;5.017041;105.2662;64.29033;0.3126393;277.7731;359.4523
robocam_2021_04_09_21_30_15_324.jpg;0;1;0;5.011718;105.3225;63.88563;0.7517125;277.7435;359.6812
robocam_2021_04_09_21_30_15_390.jpg;0;1;0;5.011673;105.3645;63.58208;1.078432;277.7571;359.8477
robocam_2021_04_09_21_30_15_457.jpg;0;1;0;5.011648;105.4064;63.27848;1.401964;277.7784;-0.003143015
robocam_2021_04_09_21_30_15_524.jpg;0;1;0;5.013556;105.4586;62.87652;1.645131;277.7292;-0.004626552
robocam_2021_04_09_21_30_15_591.jpg;0;1;0;5.006706;105.4972;62.58045;1.440929;277.6974;-0.002195699
robocam_2021_04_09_21_30_15_657.jpg;0;1;0;4.983188;105.535;62.28965;1.191481;277.665;-0.0004967435
robocam_2021_04_09_21_30_15_724.jpg;0;1;0;5.01238;105.5863;61.89503;1.0162;277.621;-0.0008929075
robocam_2021_04_09_21_30_15_791.jpg;0;1;0;5.010203;105.6249;61.59813;0.9399626;277.5843;-0.0007406882
robocam_2021_04_09_21_30_15_857.jpg;1.506591;1;0;5.003039;105.6638;61.30013;0.9128461;277.6216;-0.001709258
robocam_2021_04_09_21_30_15_924.jpg;4.503757;1;0;5.013525;105.718;60.90335;0.9093619;277.8869;0.01946083
robocam_2021_04_09_21_30_15_991.jpg;7.496888;1;0;5.020445;105.7627;60.60551;0.9343516;278.5572;0.09703662
robocam_2021_04_09_21_30_16_058.jpg;10.50607;1;0;5.004646;105.8127;60.30821;0.9731119;279.6095;0.260062
robocam_2021_04_09_21_30_16_125.jpg;13.51478;1;0;5.009879;105.8883;59.91549;0.9399757;281.5868;0.5391028
robocam_2021_04_09_21_30_16_191.jpg;15;1;0;5.00765;105.9522;59.62608;0.7265245;283.5527;0.7235677
robocam_2021_04_09_21_30_16_259.jpg;15;1;0;5.006658;106.0241;59.34194;0.3415301;285.7337;0.9231871
robocam_2021_04_09_21_30_16_325.jpg;11.98393;1;0;5.011515;106.1364;58.96685;359.8577;288.4008;1.312492
robocam_2021_04_09_21_30_16_392.jpg;8.990669;1;0;5.002656;106.2268;58.68335;359.7443;289.7676;1.420937
robocam_2021_04_09_21_30_16_458.jpg;5.990083;1;0;5.002307;106.3216;58.39601;359.8868;290.763;1.251521
robocam_2021_04_09_21_30_16_525.jpg;2.997407;1;0;5.035307;106.4606;58.01526;0.1408191;291.931;1.02037
robocam_2021_04_09_21_30_16_592.jpg;0;1;0;5.010457;106.5709;57.73319;0.2739122;292.4095;0.9021719
robocam_2021_04_09_21_30_16_658.jpg;0;1;0;5.012391;106.6841;57.45223;0.3920122;292.6164;0.7927781
robocam_2021_04_09_21_30_16_725.jpg;0;1;0;5.016714;106.8378;57.07854;0.573023;292.7014;0.6662525
robocam_2021_04_09_21_30_16_792.jpg;0;1;0;5.006944;106.9536;56.79848;0.7116652;292.7061;0.5486301
robocam_2021_04_09_21_30_16_858.jpg;0;1;0;5.003738;107.0701;56.51786;0.8800581;292.7069;0.4295175
robocam_2021_04_09_21_30_16_926.jpg;0;0.8982457;0;5.015048;107.2249;56.14418;1.101902;292.6346;0.2539912
robocam_2021_04_09_21_30_16_992.jpg;0;0.6979738;0;5.02327;107.3406;55.86398;1.262137;292.5845;0.1142158
robocam_2021_04_09_21_30_17_059.jpg;0;0.498487;0;4.999942;107.4563;55.58408;1.397216;292.5558;-0.003261077
robocam_2021_04_09_21_30_17_126.jpg;0;0.2986924;0;4.998561;107.6116;55.21421;1.463327;292.5793;359.9937
robocam_2021_04_09_21_30_17_192.jpg;0;0.09778631;0;4.998495;107.7273;54.93814;1.43514;292.6012;359.994
robocam_2021_04_09_21_30_17_259.jpg;0;0;0;4.981285;107.8423;54.66399;1.333122;292.6204;-0.00557505
robocam_2021_04_09_21_30_17_326.jpg;0;0;0;4.965494;107.9942;54.30139;1.101753;292.6419;-0.004714143
robocam_2021_04_09_21_30_17_393.jpg;0;0;0;4.94962;108.1074;54.03133;0.8762465;292.6553;-0.003954127
robocam_2021_04_09_21_30_17_459.jpg;-3.006711;0;0;4.928276;108.2195;53.76244;0.6214632;292.557;-0.004225348
robocam_2021_04_09_21_30_17_526.jpg;-6.009818;0;0;4.911834;108.3643;53.4044;0.2465636;291.9655;359.9154
robocam_2021_04_09_21_30_17_593.jpg;-9.022104;0;0;4.894988;108.4676;53.13559;359.942;291.1249;359.7584
robocam_2021_04_09_21_30_17_659.jpg;-12.01864;0;0;4.869516;108.5665;52.86478;359.7287;289.9696;359.5706
robocam_2021_04_09_21_30_17_726.jpg;-12.0049;0;0;4.846034;108.6879;52.50054;359.55;287.9852;359.1906
robocam_2021_04_09_21_30_17_793.jpg;-9.015916;0;0;4.825787;108.7742;52.22461;359.5703;286.6701;358.9485
robocam_2021_04_09_21_30_17_860.jpg;-6.011036;0.2003253;0;4.803329;108.8582;51.9457;359.7682;285.663;358.8515
robocam_2021_04_09_21_30_17_926.jpg;-3.008826;0.4004727;0;4.794415;108.9657;51.57142;0.1347839;284.803;358.9211
robocam_2021_04_09_21_30_17_994.jpg;0;0.6011556;0;4.789969;109.0429;51.29268;0.2285081;284.4347;359.0674
robocam_2021_04_09_21_30_18_061.jpg;0;0.8011205;0;4.813319;109.1173;51.01289;0.2707156;284.2781;359.2023
robocam_2021_04_09_21_30_18_126.jpg;0;1;0;4.838794;109.2146;50.63594;0.371175;284.2211;359.3418
robocam_2021_04_09_21_30_18_193.jpg;0;1;0;4.871487;109.2878;50.35015;0.4888529;284.2191;359.4484
robocam_2021_04_09_21_30_18_260.jpg;0;1;0;4.915999;109.3616;50.06189;0.6361877;284.2322;359.5627
robocam_2021_04_09_21_30_18_327.jpg;0;1;0;4.949306;109.461;49.67399;0.8659779;284.2645;359.727
robocam_2021_04_09_21_30_18_394.jpg;0;1;0;4.982504;109.5365;49.3806;1.053233;284.2977;359.8571
robocam_2021_04_09_21_30_18_460.jpg;0;1;0;5.007733;109.6127;49.08571;1.266281;284.3296;359.99
robocam_2021_04_09_21_30_18_527.jpg;0;1;0;5.021849;109.7113;48.69259;1.511004;284.31;-0.001736112
robocam_2021_04_09_21_30_18_594.jpg;0;1;0;5.014615;109.7845;48.40028;1.535552;284.2721;-0.004633959
robocam_2021_04_09_21_30_18_661.jpg;0;1;0;5.072757;109.8561;48.11393;1.277404;284.2293;-0.0004960724
robocam_2021_04_09_21_30_18_728.jpg;0;1;0;4.995246;109.952;47.72888;1.086966;284.1826;-0.001090919
robocam_2021_04_09_21_30_18_794.jpg;0;1;0;5.011164;110.0242;47.43853;0.9963232;284.1502;-0.0009116079
robocam_2021_04_09_21_30_18_860.jpg;-1.500975;1;0;5.008673;110.0965;47.14729;0.9515719;284.113;-0.001339115
robocam_2021_04_09_21_30_18_928.jpg;-4.51418;1;0;5.02296;110.1907;46.75799;0.9364125;283.6234;-0.001334339
robocam_2021_04_09_21_30_18_994.jpg;-4.526681;1;0;5.014686;110.2591;46.46439;0.9696395;283.0579;-0.002467285
robocam_2021_04_09_21_30_19_061.jpg;-1.555164;1;0;5.029443;110.3261;46.17083;1.013965;282.583;359.9873
robocam_2021_04_09_21_30_19_128.jpg;0;1;0;5.015172;110.4153;45.77795;1.111716;282.3713;359.9804
robocam_2021_04_09_21_30_19_195.jpg;0;1;0;4.999688;110.4816;45.48357;1.190674;282.3589;359.9806
robocam_2021_04_09_21_30_19_261.jpg;0;1;0;5.014965;110.548;45.18858;1.282198;282.3822;359.9931
robocam_2021_04_09_21_30_19_328.jpg;0;1;0;5.001452;110.636;44.79517;1.40729;282.4233;359.9936
robocam_2021_04_09_21_30_19_394.jpg;-1.513183;1;0;5.01378;110.7015;44.49987;1.498679;282.3901;-0.00567831
robocam_2021_04_09_21_30_19_462.jpg;-4.517667;1;0;5.005729;110.7652;44.20596;1.477309;282.1266;-0.003171849
robocam_2021_04_09_21_30_19_529.jpg;-7.516471;1;0;5.016332;110.8438;43.81496;1.352682;281.4347;359.9883
robocam_2021_04_09_21_30_19_595.jpg;-4.494762;1;0;4.983598;110.8989;43.52074;1.278498;280.1633;359.9597
robocam_2021_04_09_21_30_19_662.jpg;-1.502001;1;0;5.026464;110.9515;43.2257;1.23606;279.5678;359.872
robocam_2021_04_09_21_30_19_729.jpg;0;1;0;5.014647;111.0203;42.83085;1.214659;279.3421;359.7492
robocam_2021_04_09_21_30_19_795.jpg;0;0.899668;0;5.002897;111.0719;42.53615;1.147279;279.2962;359.7328
robocam_2021_04_09_21_30_19_862.jpg;0;0.7004046;0;5.012312;111.1225;42.24095;1.090351;279.3152;359.7195
robocam_2021_04_09_21_30_19_929.jpg;0;0.5000145;0;4.992032;111.1893;41.84766;1.007116;279.3649;359.712
robocam_2021_04_09_21_30_19_996.jpg;0;0.2999149;0;5.000861;111.2393;41.55327;0.9237495;279.4028;359.7176
robocam_2021_04_09_21_30_20_062.jpg;0;0.09889806;0;4.994876;111.2893;41.25983;0.8052583;279.4336;359.7394
robocam_2021_04_09_21_30_20_129.jpg;0;0;0;4.981743;111.3555;40.87081;0.5889009;279.4648;359.77
robocam_2021_04_09_21_30_20_196.jpg;0;0;0;4.965559;111.4047;40.58076;0.3920819;279.4814;359.7902
robocam_2021_04_09_21_30_20_262.jpg;0;0;0;4.944063;111.4536;40.29195;0.1772744;279.494;359.8062
robocam_2021_04_09_21_30_20_330.jpg;0;0;0;4.927861;111.5185;39.90829;359.897;279.5108;359.8383
robocam_2021_04_09_21_30_20_396.jpg;0;0;0;4.911193;111.5674;39.62114;359.7226;279.5316;359.893
robocam_2021_04_09_21_30_20_463.jpg;0;0;0;4.888294;111.616;39.33458;359.5712;279.5522;359.9645
robocam_2021_04_09_21_30_20_530.jpg;0;0;0;4.871323;111.6807;38.95359;359.397;279.5753;0.07302499
robocam_2021_04_09_21_30_20_596.jpg;0;0;0;4.853766;111.7281;38.668;359.3176;279.5632;0.09402116
robocam_2021_04_09_21_30_20_663.jpg;0;0;0.100131;4.831226;111.7757;38.38368;359.2303;279.5585;0.1219028
robocam_2021_04_09_21_30_20_730.jpg;0;0;0.3002349;4.787099;111.8376;38.00943;359.0825;279.5293;0.08338138
robocam_2021_04_09_21_30_20_796.jpg;0;0;0.4999755;4.710014;111.8825;37.73692;358.8413;279.512;0.02920728
robocam_2021_04_09_21_30_20_863.jpg;0;0;0.7003347;4.585663;111.9271;37.47026;358.6445;279.4495;359.9839
robocam_2021_04_09_21_30_20_930.jpg;0;0;0.9007101;4.434917;111.9854;37.12365;358.5502;279.4678;359.981
robocam_2021_04_09_21_30_20_997.jpg;0;0;1;4.323194;112.0288;36.86747;358.7208;279.4983;0.004572544
robocam_2021_04_09_21_30_21_063.jpg;0;0;1;4.095375;112.0827;36.54364;358.8375;279.503;359.9901
robocam_2021_04_09_21_30_21_130.jpg;0;0;1;3.865045;112.1203;36.32059;358.6378;279.502;0.005951437
robocam_2021_04_09_21_30_21_197.jpg;0;0;1;3.656703;112.1557;36.10828;358.4061;279.5146;0.01028536
robocam_2021_04_09_21_30_21_264.jpg;0;0;1;3.537163;112.2017;35.83017;358.4471;279.5229;359.9906
robocam_2021_04_09_21_30_21_330.jpg;0;0;1;3.417791;112.2354;35.62772;358.6297;279.5495;359.9923
robocam_2021_04_09_21_30_21_398.jpg;0;0;1;3.234134;112.2677;35.43456;358.8172;279.5913;359.9939
robocam_2021_04_09_21_30_21_464.jpg;0;0;1;2.983484;112.3061;35.20517;358.6224;279.6065;-0.001363644
robocam_2021_04_09_21_30_21_531.jpg;0;0;1;2.809999;112.3332;35.043;358.5083;279.5844;359.9926
robocam_2021_04_09_21_30_21_597.jpg;0;0;1;2.619044;112.3593;34.88932;358.4427;279.5665;0.02697163
robocam_2021_04_09_21_30_21_665.jpg;0;0;1;2.484839;112.3913;34.6943;358.5338;279.7512;359.993
robocam_2021_04_09_21_30_21_731.jpg;0;0;1;2.319397;112.4145;34.55804;358.6173;279.8209;359.9938
robocam_2021_04_09_21_30_21_797.jpg;0;0;0;2.226654;112.4385;34.42171;358.9604;279.8404;0.01964081
robocam_2021_04_09_21_30_21_864.jpg;0;0;0;2.160197;112.4693;34.24495;359.3456;279.8488;0.07473788
robocam_2021_04_09_21_30_21_931.jpg;0;0;0;2.152936;112.4921;34.1134;359.6017;279.8492;0.1060412
robocam_2021_04_09_21_30_21_997.jpg;0;0;0;2.143432;112.5147;33.98284;359.825;279.8492;0.1322313
robocam_2021_04_09_21_30_22_064.jpg;0;0;0;2.136426;112.5445;33.81036;0.0666227;279.8492;0.1592977
robocam_2021_04_09_21_30_22_131.jpg;0;0;0;2.129507;112.5667;33.68224;0.2042923;279.8492;0.173791
robocam_2021_04_09_21_30_22_198.jpg;0;0;0;2.120381;112.5887;33.55515;0.3047673;279.8493;0.1834814
robocam_2021_04_09_21_30_22_265.jpg;0;0;0;2.11359;112.6176;33.38738;0.3763703;279.8461;0.1817178
robocam_2021_04_09_21_30_22_332.jpg;0;0;0;2.106804;112.639;33.26272;0.3879966;279.8413;0.1710084
robocam_2021_04_09_21_30_22_398.jpg;0;0;0;2.097782;112.6602;33.13894;0.3715149;279.8368;0.1575077
robocam_2021_04_09_21_30_22_465.jpg;0;0;0;2.091002;112.6884;32.97514;0.3152039;279.832;0.1389394
robocam_2021_04_09_21_30_22_532.jpg;0;0;0;2.084218;112.7095;32.85309;0.2537077;279.8302;0.126713
robocam_2021_04_09_21_30_22_598.jpg;0;0;0;2.075156;112.7305;32.73166;0.1803537;279.8301;0.1167134
robocam_2021_04_09_21_30_22_665.jpg;0;0;0;2.068339;112.7584;32.57069;0.06586283;279.8303;0.1020186
robocam_2021_04_09_21_30_22_732.jpg;0;0;0;2.06149;112.7792;32.45056;359.972;279.8305;0.08975682
robocam_2021_04_09_21_30_22_799.jpg;0;0;0;2.052312;112.7999;32.33088;359.8755;279.8306;0.07680546
robocam_2021_04_09_21_30_22_866.jpg;0;0;0;2.04525;112.8273;32.1716;359.7666;279.8245;0.04076098
robocam_2021_04_09_21_30_22_932.jpg;0;0;0;2.038172;112.8478;32.05244;359.6963;279.821;0.0102457
robocam_2021_04_09_21_30_22_999.jpg;0;0;0;2.028749;112.8686;31.93354;359.6375;279.8233;359.9897
robocam_2021_04_09_21_30_23_066.jpg;0;0;0;2.021496;112.8962;31.7753;359.5807;279.8286;359.9776
robocam_2021_04_09_21_30_23_132.jpg;0;0;0;2.014261;112.9168;31.65687;359.5513;279.8309;359.9749
robocam_2021_04_09_21_30_23_199.jpg;0;0;0;2.005056;112.9374;31.53872;359.5305;279.8344;359.979
robocam_2021_04_09_21_30_23_265.jpg;0;0;0;1.997842;112.9647;31.38157;359.5169;279.8367;359.9891
robocam_2021_04_09_21_30_23_333.jpg;0;0;0;1.990996;112.985;31.26414;359.5088;279.8369;-0.004697602
robocam_2021_04_09_21_30_23_399.jpg;0;0;0;1.981587;113.0055;31.14691;359.5153;279.841;0.01358146
robocam_2021_04_09_21_30_23_466.jpg;0;0;0;1.974797;113.0325;30.99119;359.5237;279.8416;0.03054694
robocam_2021_04_09_21_30_23_533.jpg;0;0;0;1.967895;113.0525;30.87463;359.5426;279.8374;0.02845772
robocam_2021_04_09_21_30_23_599.jpg;0;0;0;1.958766;113.0726;30.75855;359.5591;279.8369;0.02943661
robocam_2021_04_09_21_30_23_666.jpg;0;0;0;1.952092;113.0994;30.60444;359.5775;279.8369;0.02987535
robocam_2021_04_09_21_30_23_733.jpg;0;0;0;1.945446;113.1193;30.48937;359.5884;279.8369;0.02947571
robocam_2021_04_09_21_30_23_799.jpg;0;0;0;1.936392;113.1391;30.37455;359.6074;279.8334;0.01814547
robocam_2021_04_09_21_30_23_866.jpg;0;0;0;1.929808;113.1655;30.2222;359.6259;279.833;0.008056208
robocam_2021_04_09_21_30_23_933.jpg;0;0;0;1.923258;113.1852;30.10846;359.6355;279.8329;0.001163487
robocam_2021_04_09_21_30_23_999.jpg;0;0;0;1.914565;113.2049;29.99518;359.6415;279.8329;-0.00512294
robocam_2021_04_09_21_30_24_067.jpg;0;0;0;1.907989;113.2311;29.84468;359.654;279.8361;-0.003025149
robocam_2021_04_09_21_30_24_134.jpg;0;0;0;1.901389;113.2506;29.73228;359.6606;279.8364;-0.001933421
robocam_2021_04_09_21_30_24_200.jpg;0;0;0;1.892803;113.27;29.62033;359.6635;279.8365;-0.0009935561
robocam_2021_04_09_21_30_24_267.jpg;0;0;0;1.886389;113.2957;29.47164;359.6687;279.8363;-0.000198489
robocam_2021_04_09_21_30_24_334.jpg;0;0;0;1.87979;113.315;29.36057;359.6724;279.8363;0.0005698181
robocam_2021_04_09_21_30_24_400.jpg;0;0;0;1.871303;113.3342;29.24994;359.6725;279.8363;0.00125861
robocam_2021_04_09_21_30_24_467.jpg;0;0;0;1.864962;113.3596;29.10299;359.6745;279.8351;-0.0008715484
robocam_2021_04_09_21_30_24_534.jpg;0;0;0;1.858435;113.3786;28.99321;359.6761;279.835;-0.002121893
robocam_2021_04_09_21_30_24_601.jpg;0;0;0;1.850041;113.3976;28.88387;359.6743;279.8349;-0.003147582
robocam_2021_04_09_21_30_24_668.jpg;0;0;0;1.843703;113.4229;28.73862;359.676;279.8376;0.004079075
robocam_2021_04_09_21_30_24_734.jpg;0;0;0;1.837337;113.4417;28.63014;359.6751;279.838;0.008470158
robocam_2021_04_09_21_30_24_800.jpg;0;0;0;1.82897;113.4604;28.52197;359.6769;279.8358;0.006251673
robocam_2021_04_09_21_30_24_868.jpg;0;0;0;1.822653;113.4852;28.37836;359.6777;279.8351;0.003255952
robocam_2021_04_09_21_30_24_935.jpg;0;0;0;1.816474;113.5038;28.27115;359.6747;279.8351;0.001333042
robocam_2021_04_09_21_30_25_001.jpg;0;0;0;1.808192;113.5224;28.16424;359.6755;279.8349;-0.0009676645
robocam_2021_04_09_21_30_25_068.jpg;0;0;0;1.801931;113.547;28.02228;359.6755;279.8349;-0.002967978
robocam_2021_04_09_21_30_25_135.jpg;0;0.2002773;0;1.79672;113.5654;27.91591;359.6807;279.8349;-0.004246372
robocam_2021_04_09_21_30_25_202.jpg;0;0.401313;0;1.804281;113.5841;27.80866;359.7139;279.8364;-0.001150379
robocam_2021_04_09_21_30_25_268.jpg;0;0.6009163;0;1.82046;113.6093;27.66297;359.823;279.8368;0.002689293
robocam_2021_04_09_21_30_25_335.jpg;0;0.8014554;0;1.844916;113.6288;27.55081;359.9653;279.8368;0.005092266
robocam_2021_04_09_21_30_25_402.jpg;0;1;0;1.891993;113.6488;27.43544;0.1683728;279.8368;0.007171569
robocam_2021_04_09_21_30_25_468.jpg;0;1;0;1.934877;113.6762;27.2766;0.5009839;279.8336;-0.0008552135
robocam_2021_04_09_21_30_25_535.jpg;0;1;0;1.978639;113.6974;27.15416;0.7674635;279.832;-0.0007401613
robocam_2021_04_09_21_30_25_602.jpg;0;1;0;2.037146;113.7188;27.02898;1.040086;279.8268;-0.0008448215
robocam_2021_04_09_21_30_25_668.jpg;0;1;0;2.081304;113.7479;26.85843;1.377691;279.813;-0.00170321
robocam_2021_04_09_21_30_25_735.jpg;0;1;0;2.124334;113.7693;26.73183;1.370729;279.796;-0.003352835
robocam_2021_04_09_21_30_25_802.jpg;0;0.8992117;0;2.195322;113.791;26.60367;1.270589;279.7808;-0.0005348673
robocam_2021_04_09_21_30_25_869.jpg;0;0.6998005;0;2.230517;113.8204;26.42863;1.191029;279.7616;-0.0005080649
robocam_2021_04_09_21_30_25_936.jpg;0;0.4995364;0;2.257378;113.8428;26.29541;1.14665;279.748;-0.0004958883
robocam_2021_04_09_21_30_26_003.jpg;0;0.2994487;0;2.278553;113.8653;26.16142;1.096304;279.735;-0.0004552514
robocam_2021_04_09_21_30_26_069.jpg;0;0.0993484;0;2.283766;113.8952;25.98296;0.9957828;279.7185;-0.0003831421
robocam_2021_04_09_21_30_26_136.jpg;0;0;0;2.280959;113.9175;25.84997;0.8860518;279.7069;-0.0002648549
robocam_2021_04_09_21_30_26_203.jpg;0;0;0;2.271435;113.9396;25.71786;0.7507356;279.6959;-6.675348E-05
robocam_2021_04_09_21_30_26_269.jpg;0;0;0;2.264209;113.969;25.54284;0.5450993;279.6839;0.00413713
robocam_2021_04_09_21_30_26_336.jpg;0;0;0;2.256922;113.9911;25.41228;0.3811607;279.6791;0.01489715
robocam_2021_04_09_21_30_26_403.jpg;0;0;0;2.247115;114.0132;25.2822;0.2157536;279.678;0.03193077
robocam_2021_04_09_21_30_26_470.jpg;0;0;0;2.239691;114.0426;25.10949;359.9938;279.6781;0.05436336
robocam_2021_04_09_21_30_26_536.jpg;0;0;0;2.232196;114.0645;24.98021;359.8408;279.674;0.05759625
robocam_2021_04_09_21_30_26_603.jpg;0;0;0;2.221688;114.0862;24.85088;359.7174;279.6649;0.03947311
robocam_2021_04_09_21_30_26_670.jpg;0;0;0;2.213847;114.1153;24.67868;359.5821;279.6571;0.008042629
robocam_2021_04_09_21_30_26_736.jpg;0;0;0;2.205945;114.1374;24.54972;359.5044;279.6596;-0.005002563
robocam_2021_04_09_21_30_26_803.jpg;0;0;0;2.195345;114.1667;24.37801;359.4284;279.663;359.9875
robocam_2021_04_09_21_30_26_870.jpg;0;0;0;2.187508;114.1889;24.2493;359.4007;279.6702;0.001135464
robocam_2021_04_09_21_30_26_936.jpg;0;0;0;2.177193;114.2108;24.12092;359.3778;279.6712;0.007428885
robocam_2021_04_09_21_30_27_003.jpg;0;0;0;2.16939;114.2397;23.94991;359.3767;279.6645;-0.005651196
robocam_2021_04_09_21_30_27_070.jpg;0;0;0;2.161659;114.2615;23.82208;359.3836;279.6636;359.9871
robocam_2021_04_09_21_30_27_137.jpg;0;0;0;2.151745;114.2832;23.69465;359.3933;279.6635;359.981
robocam_2021_04_09_21_30_27_204.jpg;0;0;0;2.143888;114.3123;23.52504;359.4315;279.6697;-0.004594599
robocam_2021_04_09_21_30_27_271.jpg;0;0;0;2.136526;114.3339;23.39836;359.4584;279.6701;0.001273057
robocam_2021_04_09_21_30_27_337.jpg;0;0;0;2.126792;114.3554;23.27213;359.4836;279.6702;0.006491035
robocam_2021_04_09_21_30_27_404.jpg;0;0;0;2.119535;114.3839;23.10455;359.5137;279.6702;0.01248936
robocam_2021_04_09_21_30_27_470.jpg;0;0;0;2.112312;114.4051;22.97931;359.5382;279.6675;0.0100119
robocam_2021_04_09_21_30_27_537.jpg;0;0;0;2.10242;114.4263;22.85447;359.5661;279.6655;0.003644227
robocam_2021_04_09_21_30_27_604.jpg;0;0;0;2.09528;114.4546;22.68881;359.5959;279.6652;-0.00259582
robocam_2021_04_09_21_30_27_671.jpg;0;0;0;2.088174;114.4756;22.56515;359.6125;279.6652;359.9933
robocam_2021_04_09_21_30_27_737.jpg;0;0;0;2.078746;114.4966;22.44199;359.6243;279.6652;359.9897
robocam_2021_04_09_21_30_27_804.jpg;0;0;0;2.071613;114.5246;22.27841;359.6432;279.6686;-0.003929499
robocam_2021_04_09_21_30_27_872.jpg;0;0;0;2.06446;114.5454;22.15627;359.6533;279.6691;-1.686234E-05
robocam_2021_04_09_21_30_27_938.jpg;0;0;0;2.055154;114.5661;22.03462;359.6582;279.6691;0.003420113
robocam_2021_04_09_21_30_28_005.jpg;0;0;0;2.048201;114.5935;21.87306;359.6644;279.6664;0.0001905649
robocam_2021_04_09_21_30_28_071.jpg;0;0;0;2.041059;114.6141;21.75241;359.6678;279.6656;-0.003697976
robocam_2021_04_09_21_30_28_138.jpg;0;0;0;2.031857;114.6346;21.63225;359.6667;279.6655;359.9931
robocam_2021_04_09_21_30_28_205.jpg;0;0;0;2.024904;114.6619;21.47264;359.6689;279.6688;-0.000618611
robocam_2021_04_09_21_30_28_271.jpg;0;0;0;2.017919;114.6822;21.35344;359.6672;279.6692;0.003023048
robocam_2021_04_09_21_30_28_338.jpg;0;0;0;2.008816;114.7023;21.23465;359.6653;279.6673;0.001805
robocam_2021_04_09_21_30_28_405.jpg;0;0;0.1995831;1.989696;114.7288;21.07937;359.6092;279.6657;-0.003719392
robocam_2021_04_09_21_30_28_472.jpg;0;0;0.4008456;1.939403;114.7477;20.9689;359.46;279.6686;0.001979502
robocam_2021_04_09_21_30_28_538.jpg;0;0;0.6007578;1.813035;114.765;20.86654;359.1824;279.6659;-0.001764069
robocam_2021_04_09_21_30_28_605.jpg;0;0;0.8007442;1.673176;114.7853;20.74675;358.5822;279.663;-0.003937435
robocam_2021_04_09_21_30_28_672.jpg;0;0;1;1.547094;114.7993;20.66396;358.2219;279.6682;-0.0009652155
robocam_2021_04_09_21_30_28_738.jpg;0;0;1;1.393786;114.8127;20.58433;358.0945;279.6794;359.9941
robocam_2021_04_09_21_30_28_805.jpg;0;0;0;1.260734;114.8303;20.48034;358.2931;279.6903;-0.005405732
robocam_2021_04_09_21_30_28_872.jpg;0;0;0;1.257129;114.8446;20.39599;358.8902;279.6963;-0.002145682
robocam_2021_04_09_21_30_28_939.jpg;0;0;0;1.209699;114.8586;20.31373;359.5131;279.6967;0.008257863
robocam_2021_04_09_21_30_29_006.jpg;0;0;0;1.20596;114.8769;20.2064;0.2267066;279.6969;0.02602497
robocam_2021_04_09_21_30_29_073.jpg;0;0;0;1.202432;114.8898;20.12808;0.6432089;279.6858;0.007294766
robocam_2021_04_09_21_30_29_139.jpg;0;0;0;1.199485;114.9029;20.05198;0.9430597;279.6868;-0.001129936
robocam_2021_04_09_21_30_29_206.jpg;0;0;0;1.196784;114.9197;19.95318;1.200002;279.6855;-0.0006298362
robocam_2021_04_09_21_30_29_273.jpg;0;0;0;1.194341;114.9317;19.88138;1.26474;279.6794;-0.0009167226
robocam_2021_04_09_21_30_29_339.jpg;0;0;0;1.192716;114.9433;19.8117;1.2104;279.6727;-0.0003682187
robocam_2021_04_09_21_30_29_407.jpg;0;0;0;1.189619;114.9585;19.72025;1.070063;279.6632;-2.447689E-05
robocam_2021_04_09_21_30_29_472.jpg;0;0;0;1.186127;114.9698;19.65239;0.9366918;279.6568;0.001569472
robocam_2021_04_09_21_30_29_540.jpg;0;0;0;1.181389;114.9811;19.58504;0.7877709;279.6534;0.009021071
robocam_2021_04_09_21_30_29_606.jpg;0;0;0.2004261;1.164454;114.9957;19.49874;0.5108415;279.6551;0.02634815
robocam_2021_04_09_21_30_29_673.jpg;0;0;0.4004052;1.10897;115.0054;19.44156;0.14128;279.5577;0.03708854
robocam_2021_04_09_21_30_29_740.jpg;0;0;0.6006366;0.909742;115.0121;19.3993;359.466;279.2841;0.03511467
robocam_2021_04_09_21_30_29_807.jpg;0;0;0.8009745;0.6931451;115.0167;19.37036;358.1636;279.0968;0.004169131
robocam_2021_04_09_21_30_29_873.jpg;0;0;0;0.4400913;115.0189;19.36311;357.1986;280.0986;0.04038375
robocam_2021_04_09_21_30_29_940.jpg;0;0;0;0.3358815;115.0236;19.35611;356.5128;281.1804;0.04840993
robocam_2021_04_09_21_30_30_007.jpg;0;0;0;0.2789846;115.0323;19.34569;356.0901;282.873;359.9738
robocam_2021_04_09_21_30_30_074.jpg;0;0;0;0.2385115;115.0433;19.33664;356.1771;284.4921;0.03570625
robocam_2021_04_09_21_30_30_140.jpg;0;0;0;0.197912;115.0555;19.32587;356.5911;286.4349;0.07917603
robocam_2021_04_09_21_30_30_208.jpg;0;0;0;0.2137304;115.0751;19.31001;357.6663;289.4455;0.04587781
robocam_2021_04_09_21_30_30_274.jpg;0;0;0;-0.2387099;115.0915;19.29813;358.802;291.858;0.00854558
robocam_2021_04_09_21_30_30_341.jpg;0;0;0;-0.1624499;115.0948;19.2909;359.7543;292.2978;359.7632
